4f76b925-3eb3-41bd-b77a-44ac60edbfcd,5/7/2020 8:35:12 PM,OnHallOfFameBallot,38.26,Baseline,Baseline,Gam,100,29188,776,0.0038,0.686,0.7038,0.7995,0.7915,0.6348,0.9682,0.9851
4f76b925-3eb3-41bd-b77a-44ac60edbfcd,5/7/2020 8:35:12 PM,OnHallOfFameBallot,37.25,Removed: YearsPlayed,YearsPlayed,Gam,100,29188,776,0.0038,0.6772,0.6956,0.7813,0.7838,0.6262,0.9675,0.9846
4f76b925-3eb3-41bd-b77a-44ac60edbfcd,5/7/2020 8:35:12 PM,OnHallOfFameBallot,36.99,Removed: AB,AB,Gam,100,29188,776,0.0038,0.6869,0.7048,0.8008,0.7915,0.6364,0.9683,0.9851
4f76b925-3eb3-41bd-b77a-44ac60edbfcd,5/7/2020 8:35:12 PM,OnHallOfFameBallot,36.89,Removed: R,R,Gam,100,29188,776,0.0038,0.6847,0.7039,0.7992,0.7801,0.6428,0.9689,0.9839
4f76b925-3eb3-41bd-b77a-44ac60edbfcd,5/7/2020 8:35:12 PM,OnHallOfFameBallot,37.01,Removed: H,H,Gam,100,29188,776,0.0038,0.6853,0.7032,0.8008,0.7902,0.6348,0.9682,0.985
4f76b925-3eb3-41bd-b77a-44ac60edbfcd,5/7/2020 8:35:12 PM,OnHallOfFameBallot,37.09,Removed: Doubles,Doubles,Gam,100,29188,776,0.0038,0.6906,0.7091,0.7941,0.788,0.6463,0.9691,0.9845
4f76b925-3eb3-41bd-b77a-44ac60edbfcd,5/7/2020 8:35:12 PM,OnHallOfFameBallot,37.13,Removed: Triples,Triples,Gam,100,29188,776,0.0038,0.6842,0.7023,0.8023,0.7899,0.6332,0.9681,0.985
4f76b925-3eb3-41bd-b77a-44ac60edbfcd,5/7/2020 8:35:12 PM,OnHallOfFameBallot,37.09,Removed: HR,HR,Gam,100,29188,776,0.0038,0.6806,0.6991,0.8003,0.7856,0.6306,0.9678,0.9847
4f76b925-3eb3-41bd-b77a-44ac60edbfcd,5/7/2020 8:35:12 PM,OnHallOfFameBallot,37.13,Removed: RBI,RBI,Gam,100,29188,776,0.0038,0.6834,0.7027,0.797,0.7798,0.6403,0.9686,0.984
4f76b925-3eb3-41bd-b77a-44ac60edbfcd,5/7/2020 8:35:12 PM,OnHallOfFameBallot,37.05,Removed: SB,SB,Gam,100,29188,776,0.0038,0.6856,0.7032,0.8019,0.7925,0.6333,0.9681,0.9852
4f76b925-3eb3-41bd-b77a-44ac60edbfcd,5/7/2020 8:35:12 PM,OnHallOfFameBallot,36.93,Removed: BattingAverage,BattingAverage,Gam,100,29188,776,0.0038,0.6842,0.7022,0.7999,0.7893,0.6338,0.9681,0.985
4f76b925-3eb3-41bd-b77a-44ac60edbfcd,5/7/2020 8:35:12 PM,OnHallOfFameBallot,36.99,Removed: SluggingPct,SluggingPct,Gam,100,29188,776,0.0038,0.6827,0.7012,0.7986,0.7854,0.6346,0.9682,0.9845
4f76b925-3eb3-41bd-b77a-44ac60edbfcd,5/7/2020 8:35:12 PM,OnHallOfFameBallot,36.58,Removed: AllStarAppearances,AllStarAppearances,Gam,100,29188,776,0.0038,0.6881,0.7051,0.8008,0.7979,0.6331,0.9681,0.9857
4f76b925-3eb3-41bd-b77a-44ac60edbfcd,5/7/2020 8:35:12 PM,OnHallOfFameBallot,37.13,Removed: MVPs,MVPs,Gam,100,29188,776,0.0038,0.6859,0.7038,0.8003,0.7913,0.6348,0.9682,0.9851
4f76b925-3eb3-41bd-b77a-44ac60edbfcd,5/7/2020 8:35:12 PM,OnHallOfFameBallot,37.43,Removed: TripleCrowns,TripleCrowns,Gam,100,29188,776,0.0038,0.686,0.7038,0.7996,0.7915,0.6348,0.9682,0.9851
4f76b925-3eb3-41bd-b77a-44ac60edbfcd,5/7/2020 8:35:12 PM,OnHallOfFameBallot,36.88,Removed: GoldGloves,GoldGloves,Gam,100,29188,776,0.0038,0.683,0.7014,0.7981,0.787,0.6333,0.9681,0.9847
4f76b925-3eb3-41bd-b77a-44ac60edbfcd,5/7/2020 8:35:12 PM,OnHallOfFameBallot,37.83,Removed: MajorLeaguePlayerOfTheYearAwards,MajorLeaguePlayerOfTheYearAwards,Gam,100,29188,776,0.0038,0.686,0.7038,0.7995,0.7915,0.6348,0.9682,0.9851
4f76b925-3eb3-41bd-b77a-44ac60edbfcd,5/7/2020 8:35:12 PM,OnHallOfFameBallot,36.83,Removed: TB,TB,Gam,100,29188,776,0.0038,0.6829,0.7011,0.7995,0.7882,0.6324,0.968,0.9849
4f76b925-3eb3-41bd-b77a-44ac60edbfcd,5/7/2020 8:35:12 PM,OnHallOfFameBallot,36.78,Removed: TotalPlayerAwards,TotalPlayerAwards,Gam,100,29188,776,0.0038,0.6704,0.6891,0.783,0.7769,0.6207,0.9669,0.9842
4f76b925-3eb3-41bd-b77a-44ac60edbfcd,5/7/2020 8:35:12 PM,OnHallOfFameBallot,21.28,Baseline,Baseline,Gam,100,16771,418,0.0022,0.6904,0.7089,0.7949,0.7876,0.646,0.9691,0.9845
4f76b925-3eb3-41bd-b77a-44ac60edbfcd,5/7/2020 8:35:12 PM,OnHallOfFameBallot,20.97,Removed: YearsPlayed,YearsPlayed,Gam,100,16771,418,0.0022,0.6774,0.695,0.7769,0.7893,0.6219,0.9671,0.9852
4f76b925-3eb3-41bd-b77a-44ac60edbfcd,5/7/2020 8:35:12 PM,OnHallOfFameBallot,20.84,Removed: AB,AB,Gam,100,16771,418,0.0022,0.6868,0.7054,0.7939,0.7853,0.6419,0.9688,0.9844
4f76b925-3eb3-41bd-b77a-44ac60edbfcd,5/7/2020 8:35:12 PM,OnHallOfFameBallot,20.84,Removed: R,R,Gam,100,16771,418,0.0022,0.6896,0.7084,0.7951,0.785,0.647,0.9692,0.9842
4f76b925-3eb3-41bd-b77a-44ac60edbfcd,5/7/2020 8:35:12 PM,OnHallOfFameBallot,20.84,Removed: H,H,Gam,100,16771,418,0.0022,0.6912,0.7094,0.795,0.7904,0.6452,0.969,0.9847
4f76b925-3eb3-41bd-b77a-44ac60edbfcd,5/7/2020 8:35:12 PM,OnHallOfFameBallot,20.85,Removed: Doubles,Doubles,Gam,100,16771,418,0.0022,0.6892,0.7084,0.793,0.782,0.6492,0.9693,0.9839
4f76b925-3eb3-41bd-b77a-44ac60edbfcd,5/7/2020 8:35:12 PM,OnHallOfFameBallot,20.89,Removed: Triples,Triples,Gam,100,16771,418,0.0022,0.6896,0.7076,0.7937,0.7912,0.6416,0.9688,0.9849
4f76b925-3eb3-41bd-b77a-44ac60edbfcd,5/7/2020 8:35:12 PM,OnHallOfFameBallot,20.82,Removed: HR,HR,Gam,100,16771,418,0.0022,0.6851,0.7039,0.7931,0.7833,0.6406,0.9686,0.9842
4f76b925-3eb3-41bd-b77a-44ac60edbfcd,5/7/2020 8:35:12 PM,OnHallOfFameBallot,20.88,Removed: RBI,RBI,Gam,100,16771,418,0.0022,0.6939,0.7126,0.7942,0.7869,0.6529,0.9697,0.9842
4f76b925-3eb3-41bd-b77a-44ac60edbfcd,5/7/2020 8:35:12 PM,OnHallOfFameBallot,20.85,Removed: SB,SB,Gam,100,16771,418,0.0022,0.6924,0.7108,0.7951,0.7886,0.6488,0.9694,0.9845
4f76b925-3eb3-41bd-b77a-44ac60edbfcd,5/7/2020 8:35:12 PM,OnHallOfFameBallot,20.84,Removed: BattingAverage,BattingAverage,Gam,100,16771,418,0.0022,0.6888,0.7075,0.7954,0.7846,0.646,0.9691,0.9842
4f76b925-3eb3-41bd-b77a-44ac60edbfcd,5/7/2020 8:35:12 PM,OnHallOfFameBallot,20.81,Removed: SluggingPct,SluggingPct,Gam,100,16771,418,0.0022,0.6807,0.6995,0.793,0.7811,0.6348,0.9682,0.9842
4f76b925-3eb3-41bd-b77a-44ac60edbfcd,5/7/2020 8:35:12 PM,OnHallOfFameBallot,20.62,Removed: AllStarAppearances,AllStarAppearances,Gam,100,16771,418,0.0022,0.6892,0.7068,0.7948,0.7935,0.6387,0.9685,0.9852
4f76b925-3eb3-41bd-b77a-44ac60edbfcd,5/7/2020 8:35:12 PM,OnHallOfFameBallot,20.69,Removed: MVPs,MVPs,Gam,100,16771,418,0.0022,0.6929,0.711,0.7948,0.7926,0.6459,0.9691,0.985
4f76b925-3eb3-41bd-b77a-44ac60edbfcd,5/7/2020 8:35:12 PM,OnHallOfFameBallot,21.14,Removed: TripleCrowns,TripleCrowns,Gam,100,16771,418,0.0022,0.6904,0.7089,0.7952,0.7876,0.646,0.9691,0.9845
4f76b925-3eb3-41bd-b77a-44ac60edbfcd,5/7/2020 8:35:12 PM,OnHallOfFameBallot,20.72,Removed: GoldGloves,GoldGloves,Gam,100,16771,418,0.0022,0.6807,0.6995,0.7947,0.7815,0.6344,0.9682,0.9842
4f76b925-3eb3-41bd-b77a-44ac60edbfcd,5/7/2020 8:35:12 PM,OnHallOfFameBallot,21.24,Removed: MajorLeaguePlayerOfTheYearAwards,MajorLeaguePlayerOfTheYearAwards,Gam,100,16771,418,0.0022,0.6904,0.7089,0.7949,0.7876,0.646,0.9691,0.9845
4f76b925-3eb3-41bd-b77a-44ac60edbfcd,5/7/2020 8:35:12 PM,OnHallOfFameBallot,20.83,Removed: TB,TB,Gam,100,16771,418,0.0022,0.691,0.709,0.7944,0.7925,0.643,0.9689,0.985
4f76b925-3eb3-41bd-b77a-44ac60edbfcd,5/7/2020 8:35:12 PM,OnHallOfFameBallot,20.69,Removed: TotalPlayerAwards,TotalPlayerAwards,Gam,100,16771,418,0.0022,0.6693,0.6887,0.7796,0.7721,0.6229,0.9671,0.9837
4f76b925-3eb3-41bd-b77a-44ac60edbfcd,5/7/2020 8:35:12 PM,OnHallOfFameBallot,5.43,Baseline,Baseline,Gam,100,4354,60,0.0005,0.6567,0.676,0.7509,0.7656,0.607,0.9658,0.9835
4f76b925-3eb3-41bd-b77a-44ac60edbfcd,5/7/2020 8:35:12 PM,OnHallOfFameBallot,5.32,Removed: YearsPlayed,YearsPlayed,Gam,100,4354,60,0.0005,0.6604,0.6787,0.7377,0.7745,0.6056,0.9657,0.9844
4f76b925-3eb3-41bd-b77a-44ac60edbfcd,5/7/2020 8:35:12 PM,OnHallOfFameBallot,5.31,Removed: AB,AB,Gam,100,4354,60,0.0005,0.6554,0.6731,0.7485,0.7761,0.5958,0.9649,0.9847
4f76b925-3eb3-41bd-b77a-44ac60edbfcd,5/7/2020 8:35:12 PM,OnHallOfFameBallot,5.32,Removed: R,R,Gam,100,4354,60,0.0005,0.6574,0.6765,0.7491,0.7687,0.6053,0.9657,0.9838
4f76b925-3eb3-41bd-b77a-44ac60edbfcd,5/7/2020 8:35:12 PM,OnHallOfFameBallot,5.3,Removed: H,H,Gam,100,4354,60,0.0005,0.6577,0.6748,0.7491,0.7808,0.5958,0.9649,0.9851
4f76b925-3eb3-41bd-b77a-44ac60edbfcd,5/7/2020 8:35:12 PM,OnHallOfFameBallot,5.3,Removed: Doubles,Doubles,Gam,100,4354,60,0.0005,0.6593,0.6766,0.7509,0.7789,0.6003,0.9652,0.9849
4f76b925-3eb3-41bd-b77a-44ac60edbfcd,5/7/2020 8:35:12 PM,OnHallOfFameBallot,5.3,Removed: Triples,Triples,Gam,100,4354,60,0.0005,0.6659,0.6837,0.7445,0.7809,0.6097,0.9661,0.9848
4f76b925-3eb3-41bd-b77a-44ac60edbfcd,5/7/2020 8:35:12 PM,OnHallOfFameBallot,5.3,Removed: HR,HR,Gam,100,4354,60,0.0005,0.6551,0.6733,0.7525,0.7714,0.5996,0.9652,0.9841
4f76b925-3eb3-41bd-b77a-44ac60edbfcd,5/7/2020 8:35:12 PM,OnHallOfFameBallot,5.3,Removed: RBI,RBI,Gam,100,4354,60,0.0005,0.6618,0.6789,0.7504,0.78,0.6041,0.9656,0.9848
4f76b925-3eb3-41bd-b77a-44ac60edbfcd,5/7/2020 8:35:12 PM,OnHallOfFameBallot,5.29,Removed: SB,SB,Gam,100,4354,60,0.0005,0.6528,0.6715,0.7513,0.7674,0.5988,0.9651,0.9839
4f76b925-3eb3-41bd-b77a-44ac60edbfcd,5/7/2020 8:35:12 PM,OnHallOfFameBallot,5.3,Removed: BattingAverage,BattingAverage,Gam,100,4354,60,0.0005,0.6604,0.6789,0.7531,0.7725,0.6074,0.9658,0.9841
4f76b925-3eb3-41bd-b77a-44ac60edbfcd,5/7/2020 8:35:12 PM,OnHallOfFameBallot,5.29,Removed: SluggingPct,SluggingPct,Gam,100,4354,60,0.0005,0.6592,0.6782,0.7531,0.769,0.6085,0.9659,0.9837
4f76b925-3eb3-41bd-b77a-44ac60edbfcd,5/7/2020 8:35:12 PM,OnHallOfFameBallot,5.24,Removed: AllStarAppearances,AllStarAppearances,Gam,100,4354,60,0.0005,0.6682,0.6863,0.7544,0.7792,0.6152,0.9665,0.9845
4f76b925-3eb3-41bd-b77a-44ac60edbfcd,5/7/2020 8:35:12 PM,OnHallOfFameBallot,5.29,Removed: MVPs,MVPs,Gam,100,4354,60,0.0005,0.6582,0.6767,0.7464,0.7718,0.6042,0.9656,0.9841
4f76b925-3eb3-41bd-b77a-44ac60edbfcd,5/7/2020 8:35:12 PM,OnHallOfFameBallot,5.4,Removed: TripleCrowns,TripleCrowns,Gam,100,4354,60,0.0005,0.6567,0.676,0.7509,0.7656,0.607,0.9658,0.9835
4f76b925-3eb3-41bd-b77a-44ac60edbfcd,5/7/2020 8:35:12 PM,OnHallOfFameBallot,5.28,Removed: GoldGloves,GoldGloves,Gam,100,4354,60,0.0005,0.6547,0.674,0.7569,0.765,0.6041,0.9655,0.9835
4f76b925-3eb3-41bd-b77a-44ac60edbfcd,5/7/2020 8:35:12 PM,OnHallOfFameBallot,5.43,Removed: MajorLeaguePlayerOfTheYearAwards,MajorLeaguePlayerOfTheYearAwards,Gam,100,4354,60,0.0005,0.6567,0.676,0.7509,0.7656,0.607,0.9658,0.9835
4f76b925-3eb3-41bd-b77a-44ac60edbfcd,5/7/2020 8:35:12 PM,OnHallOfFameBallot,5.3,Removed: TB,TB,Gam,100,4354,60,0.0005,0.6575,0.6748,0.7501,0.7785,0.5974,0.965,0.9849
4f76b925-3eb3-41bd-b77a-44ac60edbfcd,5/7/2020 8:35:12 PM,OnHallOfFameBallot,5.25,Removed: TotalPlayerAwards,TotalPlayerAwards,Gam,100,4354,60,0.0005,0.6603,0.6776,0.7454,0.7795,0.6014,0.9653,0.9849
4f76b925-3eb3-41bd-b77a-44ac60edbfcd,5/7/2020 8:35:12 PM,OnHallOfFameBallot,22.8,Baseline,Baseline,Gam,100,17937,452,0.0023,0.6906,0.709,0.7967,0.7897,0.6445,0.969,0.9847
4f76b925-3eb3-41bd-b77a-44ac60edbfcd,5/7/2020 8:35:12 PM,OnHallOfFameBallot,22.43,Removed: YearsPlayed,YearsPlayed,Gam,100,17937,452,0.0023,0.6806,0.6982,0.778,0.791,0.6261,0.9675,0.9852
4f76b925-3eb3-41bd-b77a-44ac60edbfcd,5/7/2020 8:35:12 PM,OnHallOfFameBallot,22.29,Removed: AB,AB,Gam,100,17937,452,0.0023,0.6887,0.7074,0.7955,0.7859,0.6447,0.969,0.9844
4f76b925-3eb3-41bd-b77a-44ac60edbfcd,5/7/2020 8:35:12 PM,OnHallOfFameBallot,22.35,Removed: R,R,Gam,100,17937,452,0.0023,0.6908,0.7096,0.7967,0.7857,0.6483,0.9694,0.9842
4f76b925-3eb3-41bd-b77a-44ac60edbfcd,5/7/2020 8:35:12 PM,OnHallOfFameBallot,22.42,Removed: H,H,Gam,100,17937,452,0.0023,0.688,0.7062,0.7963,0.7893,0.6406,0.9687,0.9847
4f76b925-3eb3-41bd-b77a-44ac60edbfcd,5/7/2020 8:35:12 PM,OnHallOfFameBallot,22.36,Removed: Doubles,Doubles,Gam,100,17937,452,0.0023,0.6935,0.7125,0.794,0.7847,0.6543,0.9698,0.984
4f76b925-3eb3-41bd-b77a-44ac60edbfcd,5/7/2020 8:35:12 PM,OnHallOfFameBallot,22.37,Removed: Triples,Triples,Gam,100,17937,452,0.0023,0.6917,0.7095,0.7955,0.7941,0.6428,0.9689,0.9851
4f76b925-3eb3-41bd-b77a-44ac60edbfcd,5/7/2020 8:35:12 PM,OnHallOfFameBallot,22.27,Removed: HR,HR,Gam,100,17937,452,0.0023,0.6868,0.7053,0.7953,0.787,0.6403,0.9687,0.9846
4f76b925-3eb3-41bd-b77a-44ac60edbfcd,5/7/2020 8:35:12 PM,OnHallOfFameBallot,22.47,Removed: RBI,RBI,Gam,100,17937,452,0.0023,0.6933,0.7123,0.7954,0.7855,0.6531,0.9697,0.9841
4f76b925-3eb3-41bd-b77a-44ac60edbfcd,5/7/2020 8:35:12 PM,OnHallOfFameBallot,22.31,Removed: SB,SB,Gam,100,17937,452,0.0023,0.6928,0.711,0.7972,0.791,0.6475,0.9692,0.9847
4f76b925-3eb3-41bd-b77a-44ac60edbfcd,5/7/2020 8:35:12 PM,OnHallOfFameBallot,22.38,Removed: BattingAverage,BattingAverage,Gam,100,17937,452,0.0023,0.6869,0.7059,0.7971,0.7828,0.6442,0.969,0.9841
4f76b925-3eb3-41bd-b77a-44ac60edbfcd,5/7/2020 8:35:12 PM,OnHallOfFameBallot,22.29,Removed: SluggingPct,SluggingPct,Gam,100,17937,452,0.0023,0.6821,0.7007,0.7949,0.7841,0.6347,0.9682,0.9845
4f76b925-3eb3-41bd-b77a-44ac60edbfcd,5/7/2020 8:35:12 PM,OnHallOfFameBallot,22.16,Removed: AllStarAppearances,AllStarAppearances,Gam,100,17937,452,0.0023,0.688,0.7055,0.7969,0.7944,0.636,0.9683,0.9854
4f76b925-3eb3-41bd-b77a-44ac60edbfcd,5/7/2020 8:35:12 PM,OnHallOfFameBallot,22.24,Removed: MVPs,MVPs,Gam,100,17937,452,0.0023,0.6914,0.7098,0.7967,0.7898,0.6458,0.9691,0.9847
4f76b925-3eb3-41bd-b77a-44ac60edbfcd,5/7/2020 8:35:12 PM,OnHallOfFameBallot,22.55,Removed: TripleCrowns,TripleCrowns,Gam,100,17937,452,0.0023,0.6895,0.7078,0.797,0.7893,0.6429,0.9689,0.9847
4f76b925-3eb3-41bd-b77a-44ac60edbfcd,5/7/2020 8:35:12 PM,OnHallOfFameBallot,22.17,Removed: GoldGloves,GoldGloves,Gam,100,17937,452,0.0023,0.6816,0.7005,0.7967,0.782,0.6356,0.9683,0.9842
4f76b925-3eb3-41bd-b77a-44ac60edbfcd,5/7/2020 8:35:12 PM,OnHallOfFameBallot,22.84,Removed: MajorLeaguePlayerOfTheYearAwards,MajorLeaguePlayerOfTheYearAwards,Gam,100,17937,452,0.0023,0.6906,0.709,0.7967,0.7897,0.6445,0.969,0.9847
4f76b925-3eb3-41bd-b77a-44ac60edbfcd,5/7/2020 8:35:12 PM,OnHallOfFameBallot,22.17,Removed: TB,TB,Gam,100,17937,452,0.0023,0.6895,0.7077,0.796,0.7894,0.6429,0.9689,0.9847
4f76b925-3eb3-41bd-b77a-44ac60edbfcd,5/7/2020 8:35:12 PM,OnHallOfFameBallot,22.15,Removed: TotalPlayerAwards,TotalPlayerAwards,Gam,100,17937,452,0.0023,0.6723,0.6913,0.7818,0.7767,0.6243,0.9672,0.9841
4f76b925-3eb3-41bd-b77a-44ac60edbfcd,5/7/2020 8:35:12 PM,OnHallOfFameBallot,6.87,Baseline,Baseline,Gam,100,5520,93,0.0007,0.666,0.6858,0.7545,0.7663,0.6225,0.9671,0.9831
4f76b925-3eb3-41bd-b77a-44ac60edbfcd,5/7/2020 8:35:12 PM,OnHallOfFameBallot,6.74,Removed: YearsPlayed,YearsPlayed,Gam,100,5520,93,0.0007,0.6592,0.6797,0.7419,0.7594,0.6165,0.9666,0.9826
4f76b925-3eb3-41bd-b77a-44ac60edbfcd,5/7/2020 8:35:12 PM,OnHallOfFameBallot,6.72,Removed: AB,AB,Gam,100,5520,93,0.0007,0.6639,0.6831,0.7529,0.7693,0.6164,0.9666,0.9835
4f76b925-3eb3-41bd-b77a-44ac60edbfcd,5/7/2020 8:35:12 PM,OnHallOfFameBallot,6.71,Removed: R,R,Gam,100,5520,93,0.0007,0.6633,0.6831,0.7541,0.7646,0.6195,0.9668,0.983
4f76b925-3eb3-41bd-b77a-44ac60edbfcd,5/7/2020 8:35:12 PM,OnHallOfFameBallot,6.73,Removed: H,H,Gam,100,5520,93,0.0007,0.6609,0.6807,0.7536,0.765,0.615,0.9665,0.9831
4f76b925-3eb3-41bd-b77a-44ac60edbfcd,5/7/2020 8:35:12 PM,OnHallOfFameBallot,6.74,Removed: Doubles,Doubles,Gam,100,5520,93,0.0007,0.665,0.6849,0.7557,0.7663,0.6209,0.9669,0.9831
4f76b925-3eb3-41bd-b77a-44ac60edbfcd,5/7/2020 8:35:12 PM,OnHallOfFameBallot,6.72,Removed: Triples,Triples,Gam,100,5520,93,0.0007,0.6666,0.6862,0.7504,0.7682,0.6221,0.9671,0.9833
4f76b925-3eb3-41bd-b77a-44ac60edbfcd,5/7/2020 8:35:12 PM,OnHallOfFameBallot,6.74,Removed: HR,HR,Gam,100,5520,93,0.0007,0.6673,0.6867,0.757,0.7695,0.6222,0.9671,0.9834
4f76b925-3eb3-41bd-b77a-44ac60edbfcd,5/7/2020 8:35:12 PM,OnHallOfFameBallot,6.77,Removed: RBI,RBI,Gam,100,5520,93,0.0007,0.6672,0.6866,0.7548,0.7693,0.6223,0.9671,0.9834
4f76b925-3eb3-41bd-b77a-44ac60edbfcd,5/7/2020 8:35:12 PM,OnHallOfFameBallot,6.75,Removed: SB,SB,Gam,100,5520,93,0.0007,0.6621,0.6822,0.7559,0.7622,0.6197,0.9668,0.9827
4f76b925-3eb3-41bd-b77a-44ac60edbfcd,5/7/2020 8:35:12 PM,OnHallOfFameBallot,6.77,Removed: BattingAverage,BattingAverage,Gam,100,5520,93,0.0007,0.6597,0.6797,0.7561,0.7618,0.6156,0.9665,0.9829
4f76b925-3eb3-41bd-b77a-44ac60edbfcd,5/7/2020 8:35:12 PM,OnHallOfFameBallot,6.74,Removed: SluggingPct,SluggingPct,Gam,100,5520,93,0.0007,0.6659,0.6858,0.7554,0.7663,0.6223,0.9671,0.9831
4f76b925-3eb3-41bd-b77a-44ac60edbfcd,5/7/2020 8:35:12 PM,OnHallOfFameBallot,6.66,Removed: AllStarAppearances,AllStarAppearances,Gam,100,5520,93,0.0007,0.6634,0.6836,0.757,0.763,0.6209,0.9669,0.9829
4f76b925-3eb3-41bd-b77a-44ac60edbfcd,5/7/2020 8:35:12 PM,OnHallOfFameBallot,6.73,Removed: MVPs,MVPs,Gam,100,5520,93,0.0007,0.6639,0.6837,0.7503,0.7654,0.6196,0.9668,0.9831
4f76b925-3eb3-41bd-b77a-44ac60edbfcd,5/7/2020 8:35:12 PM,OnHallOfFameBallot,6.84,Removed: TripleCrowns,TripleCrowns,Gam,100,5520,93,0.0007,0.6648,0.6847,0.7547,0.7658,0.621,0.9669,0.9831
4f76b925-3eb3-41bd-b77a-44ac60edbfcd,5/7/2020 8:35:12 PM,OnHallOfFameBallot,6.7,Removed: GoldGloves,GoldGloves,Gam,100,5520,93,0.0007,0.6686,0.6883,0.7587,0.7686,0.6252,0.9673,0.9832
4f76b925-3eb3-41bd-b77a-44ac60edbfcd,5/7/2020 8:35:12 PM,OnHallOfFameBallot,6.9,Removed: MajorLeaguePlayerOfTheYearAwards,MajorLeaguePlayerOfTheYearAwards,Gam,100,5520,93,0.0007,0.666,0.6858,0.7545,0.7663,0.6225,0.9671,0.9831
4f76b925-3eb3-41bd-b77a-44ac60edbfcd,5/7/2020 8:35:12 PM,OnHallOfFameBallot,6.73,Removed: TB,TB,Gam,100,5520,93,0.0007,0.6651,0.6846,0.7544,0.767,0.6208,0.9669,0.9831
4f76b925-3eb3-41bd-b77a-44ac60edbfcd,5/7/2020 8:35:12 PM,OnHallOfFameBallot,6.68,Removed: TotalPlayerAwards,TotalPlayerAwards,Gam,100,5520,93,0.0007,0.6585,0.6781,0.7481,0.7645,0.6112,0.9661,0.9832
4f76b925-3eb3-41bd-b77a-44ac60edbfcd,5/7/2020 8:35:12 PM,OnHallOfFameBallot,24.41,Baseline,Baseline,Gam,100,19103,485,0.0025,0.6902,0.7085,0.799,0.7903,0.6432,0.9689,0.9848
4f76b925-3eb3-41bd-b77a-44ac60edbfcd,5/7/2020 8:35:12 PM,OnHallOfFameBallot,23.94,Removed: YearsPlayed,YearsPlayed,Gam,100,19103,485,0.0025,0.6825,0.7001,0.7792,0.7914,0.6289,0.9677,0.9852
4f76b925-3eb3-41bd-b77a-44ac60edbfcd,5/7/2020 8:35:12 PM,OnHallOfFameBallot,23.95,Removed: AB,AB,Gam,100,19103,485,0.0025,0.6883,0.7068,0.7985,0.7867,0.6433,0.9689,0.9845
4f76b925-3eb3-41bd-b77a-44ac60edbfcd,5/7/2020 8:35:12 PM,OnHallOfFameBallot,23.86,Removed: R,R,Gam,100,19103,485,0.0025,0.6888,0.7076,0.799,0.7851,0.6456,0.9691,0.9842
4f76b925-3eb3-41bd-b77a-44ac60edbfcd,5/7/2020 8:35:12 PM,OnHallOfFameBallot,23.82,Removed: H,H,Gam,100,19103,485,0.0025,0.6861,0.7044,0.7991,0.7872,0.6391,0.9685,0.9846
4f76b925-3eb3-41bd-b77a-44ac60edbfcd,5/7/2020 8:35:12 PM,OnHallOfFameBallot,23.83,Removed: Doubles,Doubles,Gam,100,19103,485,0.0025,0.6932,0.712,0.7951,0.7858,0.6527,0.9697,0.9841
4f76b925-3eb3-41bd-b77a-44ac60edbfcd,5/7/2020 8:35:12 PM,OnHallOfFameBallot,23.85,Removed: Triples,Triples,Gam,100,19103,485,0.0025,0.6914,0.7092,0.7986,0.7943,0.6417,0.9688,0.9852
4f76b925-3eb3-41bd-b77a-44ac60edbfcd,5/7/2020 8:35:12 PM,OnHallOfFameBallot,23.79,Removed: HR,HR,Gam,100,19103,485,0.0025,0.6869,0.705,0.7968,0.7902,0.6373,0.9684,0.985
4f76b925-3eb3-41bd-b77a-44ac60edbfcd,5/7/2020 8:35:12 PM,OnHallOfFameBallot,23.76,Removed: RBI,RBI,Gam,100,19103,485,0.0025,0.6945,0.7131,0.7974,0.788,0.6529,0.9697,0.9844
4f76b925-3eb3-41bd-b77a-44ac60edbfcd,5/7/2020 8:35:12 PM,OnHallOfFameBallot,23.83,Removed: SB,SB,Gam,100,19103,485,0.0025,0.694,0.7121,0.7999,0.7917,0.6489,0.9694,0.9847
4f76b925-3eb3-41bd-b77a-44ac60edbfcd,5/7/2020 8:35:12 PM,OnHallOfFameBallot,23.87,Removed: BattingAverage,BattingAverage,Gam,100,19103,485,0.0025,0.6866,0.7052,0.7986,0.7868,0.64,0.9686,0.9846
4f76b925-3eb3-41bd-b77a-44ac60edbfcd,5/7/2020 8:35:12 PM,OnHallOfFameBallot,23.81,Removed: SluggingPct,SluggingPct,Gam,100,19103,485,0.0025,0.6822,0.7006,0.7973,0.7847,0.6343,0.9682,0.9845
4f76b925-3eb3-41bd-b77a-44ac60edbfcd,5/7/2020 8:35:12 PM,OnHallOfFameBallot,23.54,Removed: AllStarAppearances,AllStarAppearances,Gam,100,19103,485,0.0025,0.6857,0.703,0.7997,0.7946,0.6317,0.968,0.9855
4f76b925-3eb3-41bd-b77a-44ac60edbfcd,5/7/2020 8:35:12 PM,OnHallOfFameBallot,23.76,Removed: MVPs,MVPs,Gam,100,19103,485,0.0025,0.6914,0.7096,0.7997,0.7913,0.6445,0.969,0.9849
4f76b925-3eb3-41bd-b77a-44ac60edbfcd,5/7/2020 8:35:12 PM,OnHallOfFameBallot,24.17,Removed: TripleCrowns,TripleCrowns,Gam,100,19103,485,0.0025,0.6902,0.7085,0.799,0.7903,0.6432,0.9689,0.9848
4f76b925-3eb3-41bd-b77a-44ac60edbfcd,5/7/2020 8:35:12 PM,OnHallOfFameBallot,23.62,Removed: GoldGloves,GoldGloves,Gam,100,19103,485,0.0025,0.6803,0.699,0.7982,0.7823,0.6329,0.968,0.9844
4f76b925-3eb3-41bd-b77a-44ac60edbfcd,5/7/2020 8:35:12 PM,OnHallOfFameBallot,24.39,Removed: MajorLeaguePlayerOfTheYearAwards,MajorLeaguePlayerOfTheYearAwards,Gam,100,19103,485,0.0025,0.6902,0.7085,0.799,0.7903,0.6432,0.9689,0.9848
4f76b925-3eb3-41bd-b77a-44ac60edbfcd,5/7/2020 8:35:12 PM,OnHallOfFameBallot,23.71,Removed: TB,TB,Gam,100,19103,485,0.0025,0.6896,0.7079,0.7986,0.7895,0.6429,0.9689,0.9847
4f76b925-3eb3-41bd-b77a-44ac60edbfcd,5/7/2020 8:35:12 PM,OnHallOfFameBallot,23.75,Removed: TotalPlayerAwards,TotalPlayerAwards,Gam,100,19103,485,0.0025,0.6721,0.6907,0.7829,0.7792,0.6218,0.967,0.9844
4f76b925-3eb3-41bd-b77a-44ac60edbfcd,5/7/2020 8:35:12 PM,OnHallOfFameBallot,8.38,Baseline,Baseline,Gam,100,6686,127,0.0008,0.671,0.6906,0.761,0.7703,0.6276,0.9675,0.9834
4f76b925-3eb3-41bd-b77a-44ac60edbfcd,5/7/2020 8:35:12 PM,OnHallOfFameBallot,8.21,Removed: YearsPlayed,YearsPlayed,Gam,100,6686,127,0.0008,0.6623,0.6825,0.748,0.7616,0.6202,0.9669,0.9827
4f76b925-3eb3-41bd-b77a-44ac60edbfcd,5/7/2020 8:35:12 PM,OnHallOfFameBallot,8.17,Removed: AB,AB,Gam,100,6686,127,0.0008,0.6697,0.6892,0.7593,0.7709,0.625,0.9673,0.9835
4f76b925-3eb3-41bd-b77a-44ac60edbfcd,5/7/2020 8:35:12 PM,OnHallOfFameBallot,8.15,Removed: R,R,Gam,100,6686,127,0.0008,0.666,0.6859,0.7602,0.7655,0.6232,0.9672,0.983
4f76b925-3eb3-41bd-b77a-44ac60edbfcd,5/7/2020 8:35:12 PM,OnHallOfFameBallot,8.18,Removed: H,H,Gam,100,6686,127,0.0008,0.6686,0.6882,0.7602,0.7688,0.625,0.9673,0.9832
4f76b925-3eb3-41bd-b77a-44ac60edbfcd,5/7/2020 8:35:12 PM,OnHallOfFameBallot,8.18,Removed: Doubles,Doubles,Gam,100,6686,127,0.0008,0.6757,0.6949,0.7624,0.7748,0.6321,0.9679,0.9836
4f76b925-3eb3-41bd-b77a-44ac60edbfcd,5/7/2020 8:35:12 PM,OnHallOfFameBallot,8.18,Removed: Triples,Triples,Gam,100,6686,127,0.0008,0.6703,0.6892,0.7562,0.7741,0.6234,0.9672,0.9838
4f76b925-3eb3-41bd-b77a-44ac60edbfcd,5/7/2020 8:35:12 PM,OnHallOfFameBallot,8.17,Removed: HR,HR,Gam,100,6686,127,0.0008,0.6719,0.6913,0.7628,0.7722,0.6277,0.9675,0.9835
4f76b925-3eb3-41bd-b77a-44ac60edbfcd,5/7/2020 8:35:12 PM,OnHallOfFameBallot,8.21,Removed: RBI,RBI,Gam,100,6686,127,0.0008,0.6752,0.6948,0.7612,0.7723,0.6333,0.968,0.9834
4f76b925-3eb3-41bd-b77a-44ac60edbfcd,5/7/2020 8:35:12 PM,OnHallOfFameBallot,8.19,Removed: SB,SB,Gam,100,6686,127,0.0008,0.6723,0.6923,0.7621,0.7682,0.632,0.9679,0.983
4f76b925-3eb3-41bd-b77a-44ac60edbfcd,5/7/2020 8:35:12 PM,OnHallOfFameBallot,8.16,Removed: BattingAverage,BattingAverage,Gam,100,6686,127,0.0008,0.6679,0.6879,0.7625,0.7668,0.6252,0.9673,0.9831
4f76b925-3eb3-41bd-b77a-44ac60edbfcd,5/7/2020 8:35:12 PM,OnHallOfFameBallot,8.18,Removed: SluggingPct,SluggingPct,Gam,100,6686,127,0.0008,0.6726,0.6926,0.762,0.7689,0.6317,0.9679,0.9831
4f76b925-3eb3-41bd-b77a-44ac60edbfcd,5/7/2020 8:35:12 PM,OnHallOfFameBallot,8.09,Removed: AllStarAppearances,AllStarAppearances,Gam,100,6686,127,0.0008,0.6779,0.698,0.762,0.7709,0.6392,0.9685,0.9831
4f76b925-3eb3-41bd-b77a-44ac60edbfcd,5/7/2020 8:35:12 PM,OnHallOfFameBallot,8.17,Removed: MVPs,MVPs,Gam,100,6686,127,0.0008,0.672,0.6914,0.7591,0.7725,0.6275,0.9675,0.9836
4f76b925-3eb3-41bd-b77a-44ac60edbfcd,5/7/2020 8:35:12 PM,OnHallOfFameBallot,8.28,Removed: TripleCrowns,TripleCrowns,Gam,100,6686,127,0.0008,0.671,0.6906,0.7611,0.7703,0.6276,0.9675,0.9834
4f76b925-3eb3-41bd-b77a-44ac60edbfcd,5/7/2020 8:35:12 PM,OnHallOfFameBallot,8.14,Removed: GoldGloves,GoldGloves,Gam,100,6686,127,0.0008,0.6748,0.6945,0.7641,0.7716,0.6332,0.968,0.9834
4f76b925-3eb3-41bd-b77a-44ac60edbfcd,5/7/2020 8:35:12 PM,OnHallOfFameBallot,8.33,Removed: MajorLeaguePlayerOfTheYearAwards,MajorLeaguePlayerOfTheYearAwards,Gam,100,6686,127,0.0008,0.671,0.6906,0.761,0.7703,0.6276,0.9675,0.9834
4f76b925-3eb3-41bd-b77a-44ac60edbfcd,5/7/2020 8:35:12 PM,OnHallOfFameBallot,8.13,Removed: TB,TB,Gam,100,6686,127,0.0008,0.676,0.6952,0.7613,0.7742,0.6333,0.968,0.9835
4f76b925-3eb3-41bd-b77a-44ac60edbfcd,5/7/2020 8:35:12 PM,OnHallOfFameBallot,8.11,Removed: TotalPlayerAwards,TotalPlayerAwards,Gam,100,6686,127,0.0008,0.6628,0.6823,0.7539,0.7663,0.6171,0.9666,0.9832
4f76b925-3eb3-41bd-b77a-44ac60edbfcd,5/7/2020 8:35:12 PM,OnHallOfFameBallot,25.88,Baseline,Baseline,Gam,100,20269,519,0.0026,0.6926,0.7106,0.7993,0.7935,0.6445,0.969,0.9851
4f76b925-3eb3-41bd-b77a-44ac60edbfcd,5/7/2020 8:35:12 PM,OnHallOfFameBallot,25.4,Removed: YearsPlayed,YearsPlayed,Gam,100,20269,519,0.0026,0.6832,0.7011,0.7789,0.7895,0.6317,0.968,0.985
4f76b925-3eb3-41bd-b77a-44ac60edbfcd,5/7/2020 8:35:12 PM,OnHallOfFameBallot,25.28,Removed: AB,AB,Gam,100,20269,519,0.0026,0.6907,0.7091,0.7986,0.7895,0.6447,0.969,0.9847
4f76b925-3eb3-41bd-b77a-44ac60edbfcd,5/7/2020 8:35:12 PM,OnHallOfFameBallot,25.25,Removed: R,R,Gam,100,20269,519,0.0026,0.6886,0.7073,0.7992,0.7848,0.6453,0.9691,0.9842
4f76b925-3eb3-41bd-b77a-44ac60edbfcd,5/7/2020 8:35:12 PM,OnHallOfFameBallot,25.32,Removed: H,H,Gam,100,20269,519,0.0026,0.691,0.7089,0.7997,0.7925,0.6429,0.9689,0.985
4f76b925-3eb3-41bd-b77a-44ac60edbfcd,5/7/2020 8:35:12 PM,OnHallOfFameBallot,25.35,Removed: Doubles,Doubles,Gam,100,20269,519,0.0026,0.6903,0.7092,0.7945,0.7837,0.6496,0.9695,0.984
4f76b925-3eb3-41bd-b77a-44ac60edbfcd,5/7/2020 8:35:12 PM,OnHallOfFameBallot,25.37,Removed: Triples,Triples,Gam,100,20269,519,0.0026,0.6908,0.7082,0.7992,0.797,0.6385,0.9686,0.9855
4f76b925-3eb3-41bd-b77a-44ac60edbfcd,5/7/2020 8:35:12 PM,OnHallOfFameBallot,25.21,Removed: HR,HR,Gam,100,20269,519,0.0026,0.6865,0.7046,0.7966,0.7897,0.6371,0.9684,0.985
4f76b925-3eb3-41bd-b77a-44ac60edbfcd,5/7/2020 8:35:12 PM,OnHallOfFameBallot,25.36,Removed: RBI,RBI,Gam,100,20269,519,0.0026,0.6952,0.7141,0.7973,0.7879,0.6541,0.9698,0.9844
4f76b925-3eb3-41bd-b77a-44ac60edbfcd,5/7/2020 8:35:12 PM,OnHallOfFameBallot,25.37,Removed: SB,SB,Gam,100,20269,519,0.0026,0.6914,0.7093,0.7996,0.7928,0.6433,0.9689,0.985
4f76b925-3eb3-41bd-b77a-44ac60edbfcd,5/7/2020 8:35:12 PM,OnHallOfFameBallot,25.38,Removed: BattingAverage,BattingAverage,Gam,100,20269,519,0.0026,0.6863,0.7044,0.7989,0.7892,0.6375,0.9684,0.9849
4f76b925-3eb3-41bd-b77a-44ac60edbfcd,5/7/2020 8:35:12 PM,OnHallOfFameBallot,25.26,Removed: SluggingPct,SluggingPct,Gam,100,20269,519,0.0026,0.6865,0.7052,0.7974,0.7853,0.6413,0.9688,0.9844
4f76b925-3eb3-41bd-b77a-44ac60edbfcd,5/7/2020 8:35:12 PM,OnHallOfFameBallot,25.04,Removed: AllStarAppearances,AllStarAppearances,Gam,100,20269,519,0.0026,0.6867,0.704,0.7986,0.795,0.633,0.9681,0.9855
4f76b925-3eb3-41bd-b77a-44ac60edbfcd,5/7/2020 8:35:12 PM,OnHallOfFameBallot,25.3,Removed: MVPs,MVPs,Gam,100,20269,519,0.0026,0.6918,0.7097,0.7993,0.7939,0.6429,0.9689,0.9851
4f76b925-3eb3-41bd-b77a-44ac60edbfcd,5/7/2020 8:35:12 PM,OnHallOfFameBallot,25.68,Removed: TripleCrowns,TripleCrowns,Gam,100,20269,519,0.0026,0.6926,0.7106,0.7995,0.7935,0.6445,0.969,0.9851
4f76b925-3eb3-41bd-b77a-44ac60edbfcd,5/7/2020 8:35:12 PM,OnHallOfFameBallot,25.13,Removed: GoldGloves,GoldGloves,Gam,100,20269,519,0.0026,0.6857,0.7043,0.7977,0.7867,0.6385,0.9685,0.9846
4f76b925-3eb3-41bd-b77a-44ac60edbfcd,5/7/2020 8:35:12 PM,OnHallOfFameBallot,25.9,Removed: MajorLeaguePlayerOfTheYearAwards,MajorLeaguePlayerOfTheYearAwards,Gam,100,20269,519,0.0026,0.6926,0.7106,0.7993,0.7935,0.6445,0.969,0.9851
4f76b925-3eb3-41bd-b77a-44ac60edbfcd,5/7/2020 8:35:12 PM,OnHallOfFameBallot,25.42,Removed: TB,TB,Gam,100,20269,519,0.0026,0.6911,0.7091,0.7983,0.7922,0.643,0.9689,0.985
4f76b925-3eb3-41bd-b77a-44ac60edbfcd,5/7/2020 8:35:12 PM,OnHallOfFameBallot,25.16,Removed: TotalPlayerAwards,TotalPlayerAwards,Gam,100,20269,519,0.0026,0.6716,0.69,0.7828,0.7801,0.62,0.9669,0.9845
4f76b925-3eb3-41bd-b77a-44ac60edbfcd,5/7/2020 8:35:12 PM,OnHallOfFameBallot,10.18,Baseline,Baseline,Gam,100,7852,161,0.001,0.6746,0.694,0.7678,0.773,0.6318,0.9679,0.9835
4f76b925-3eb3-41bd-b77a-44ac60edbfcd,5/7/2020 8:35:12 PM,OnHallOfFameBallot,9.66,Removed: YearsPlayed,YearsPlayed,Gam,100,7852,161,0.001,0.6591,0.6791,0.7537,0.7632,0.6131,0.9663,0.9831
4f76b925-3eb3-41bd-b77a-44ac60edbfcd,5/7/2020 8:35:12 PM,OnHallOfFameBallot,9.64,Removed: AB,AB,Gam,100,7852,161,0.001,0.6713,0.6908,0.7667,0.7707,0.6279,0.9675,0.9834
4f76b925-3eb3-41bd-b77a-44ac60edbfcd,5/7/2020 8:35:12 PM,OnHallOfFameBallot,9.62,Removed: R,R,Gam,100,7852,161,0.001,0.6734,0.6932,0.7668,0.7688,0.6334,0.968,0.983
4f76b925-3eb3-41bd-b77a-44ac60edbfcd,5/7/2020 8:35:12 PM,OnHallOfFameBallot,9.64,Removed: H,H,Gam,100,7852,161,0.001,0.6702,0.6893,0.7671,0.7736,0.6236,0.9672,0.9837
4f76b925-3eb3-41bd-b77a-44ac60edbfcd,5/7/2020 8:35:12 PM,OnHallOfFameBallot,9.6,Removed: Doubles,Doubles,Gam,100,7852,161,0.001,0.6686,0.6881,0.7688,0.7691,0.6248,0.9673,0.9832
4f76b925-3eb3-41bd-b77a-44ac60edbfcd,5/7/2020 8:35:12 PM,OnHallOfFameBallot,9.61,Removed: Triples,Triples,Gam,100,7852,161,0.001,0.6792,0.6984,0.7632,0.7784,0.6347,0.9682,0.9839
4f76b925-3eb3-41bd-b77a-44ac60edbfcd,5/7/2020 8:35:12 PM,OnHallOfFameBallot,9.61,Removed: HR,HR,Gam,100,7852,161,0.001,0.6732,0.6933,0.7678,0.7687,0.6331,0.968,0.983
4f76b925-3eb3-41bd-b77a-44ac60edbfcd,5/7/2020 8:35:12 PM,OnHallOfFameBallot,9.64,Removed: RBI,RBI,Gam,100,7852,161,0.001,0.6728,0.6923,0.768,0.7725,0.629,0.9677,0.9835
4f76b925-3eb3-41bd-b77a-44ac60edbfcd,5/7/2020 8:35:12 PM,OnHallOfFameBallot,9.64,Removed: SB,SB,Gam,100,7852,161,0.001,0.6726,0.6922,0.7689,0.7703,0.6308,0.9678,0.9832
4f76b925-3eb3-41bd-b77a-44ac60edbfcd,5/7/2020 8:35:12 PM,OnHallOfFameBallot,9.59,Removed: BattingAverage,BattingAverage,Gam,100,7852,161,0.001,0.6704,0.6898,0.7681,0.7724,0.6247,0.9673,0.9836
4f76b925-3eb3-41bd-b77a-44ac60edbfcd,5/7/2020 8:35:12 PM,OnHallOfFameBallot,9.6,Removed: SluggingPct,SluggingPct,Gam,100,7852,161,0.001,0.6764,0.6962,0.7679,0.7716,0.6361,0.9682,0.9832
4f76b925-3eb3-41bd-b77a-44ac60edbfcd,5/7/2020 8:35:12 PM,OnHallOfFameBallot,9.5,Removed: AllStarAppearances,AllStarAppearances,Gam,100,7852,161,0.001,0.6769,0.6965,0.766,0.7736,0.635,0.9681,0.9835
4f76b925-3eb3-41bd-b77a-44ac60edbfcd,5/7/2020 8:35:12 PM,OnHallOfFameBallot,9.54,Removed: MVPs,MVPs,Gam,100,7852,161,0.001,0.6767,0.6962,0.7666,0.7735,0.6347,0.9681,0.9835
4f76b925-3eb3-41bd-b77a-44ac60edbfcd,5/7/2020 8:35:12 PM,OnHallOfFameBallot,9.79,Removed: TripleCrowns,TripleCrowns,Gam,100,7852,161,0.001,0.6746,0.694,0.7678,0.773,0.6318,0.9679,0.9835
4f76b925-3eb3-41bd-b77a-44ac60edbfcd,5/7/2020 8:35:12 PM,OnHallOfFameBallot,9.57,Removed: GoldGloves,GoldGloves,Gam,100,7852,161,0.001,0.6732,0.6931,0.7697,0.7685,0.6333,0.968,0.983
4f76b925-3eb3-41bd-b77a-44ac60edbfcd,5/7/2020 8:35:12 PM,OnHallOfFameBallot,9.85,Removed: MajorLeaguePlayerOfTheYearAwards,MajorLeaguePlayerOfTheYearAwards,Gam,100,7852,161,0.001,0.6746,0.694,0.7678,0.773,0.6318,0.9679,0.9835
4f76b925-3eb3-41bd-b77a-44ac60edbfcd,5/7/2020 8:35:12 PM,OnHallOfFameBallot,9.59,Removed: TB,TB,Gam,100,7852,161,0.001,0.6734,0.6931,0.7678,0.7707,0.6318,0.9679,0.9832
4f76b925-3eb3-41bd-b77a-44ac60edbfcd,5/7/2020 8:35:12 PM,OnHallOfFameBallot,9.55,Removed: TotalPlayerAwards,TotalPlayerAwards,Gam,100,7852,161,0.001,0.665,0.6845,0.7583,0.7689,0.6185,0.9667,0.9835
4f76b925-3eb3-41bd-b77a-44ac60edbfcd,5/7/2020 8:35:12 PM,OnHallOfFameBallot,27.38,Baseline,Baseline,Gam,100,21435,552,0.0028,0.6923,0.7102,0.8005,0.7948,0.6429,0.9689,0.9852
4f76b925-3eb3-41bd-b77a-44ac60edbfcd,5/7/2020 8:35:12 PM,OnHallOfFameBallot,27,Removed: YearsPlayed,YearsPlayed,Gam,100,21435,552,0.0028,0.6806,0.6994,0.7804,0.7825,0.6333,0.9681,0.9844
4f76b925-3eb3-41bd-b77a-44ac60edbfcd,5/7/2020 8:35:12 PM,OnHallOfFameBallot,26.83,Removed: AB,AB,Gam,100,21435,552,0.0028,0.6873,0.7055,0.8001,0.7895,0.6388,0.9685,0.9849
4f76b925-3eb3-41bd-b77a-44ac60edbfcd,5/7/2020 8:35:12 PM,OnHallOfFameBallot,26.74,Removed: R,R,Gam,100,21435,552,0.0028,0.6918,0.7104,0.8008,0.7879,0.6483,0.9694,0.9845
4f76b925-3eb3-41bd-b77a-44ac60edbfcd,5/7/2020 8:35:12 PM,OnHallOfFameBallot,26.72,Removed: H,H,Gam,100,21435,552,0.0028,0.6893,0.7074,0.801,0.7907,0.6415,0.9688,0.9849
4f76b925-3eb3-41bd-b77a-44ac60edbfcd,5/7/2020 8:35:12 PM,OnHallOfFameBallot,26.83,Removed: Doubles,Doubles,Gam,100,21435,552,0.0028,0.6926,0.7115,0.7962,0.7845,0.6529,0.9697,0.984
4f76b925-3eb3-41bd-b77a-44ac60edbfcd,5/7/2020 8:35:12 PM,OnHallOfFameBallot,26.86,Removed: Triples,Triples,Gam,100,21435,552,0.0028,0.6943,0.7122,0.8007,0.7958,0.6454,0.9691,0.9852
4f76b925-3eb3-41bd-b77a-44ac60edbfcd,5/7/2020 8:35:12 PM,OnHallOfFameBallot,26.72,Removed: HR,HR,Gam,100,21435,552,0.0028,0.6827,0.7013,0.7988,0.7853,0.6343,0.9682,0.9846
4f76b925-3eb3-41bd-b77a-44ac60edbfcd,5/7/2020 8:35:12 PM,OnHallOfFameBallot,26.89,Removed: RBI,RBI,Gam,100,21435,552,0.0028,0.6949,0.7137,0.7983,0.7884,0.6529,0.9697,0.9845
4f76b925-3eb3-41bd-b77a-44ac60edbfcd,5/7/2020 8:35:12 PM,OnHallOfFameBallot,27.02,Removed: SB,SB,Gam,100,21435,552,0.0028,0.6918,0.7096,0.801,0.7951,0.6418,0.9688,0.9852
4f76b925-3eb3-41bd-b77a-44ac60edbfcd,5/7/2020 8:35:12 PM,OnHallOfFameBallot,27.14,Removed: BattingAverage,BattingAverage,Gam,100,21435,552,0.0028,0.6881,0.7061,0.8002,0.7909,0.6391,0.9686,0.985
4f76b925-3eb3-41bd-b77a-44ac60edbfcd,5/7/2020 8:35:12 PM,OnHallOfFameBallot,27.13,Removed: SluggingPct,SluggingPct,Gam,100,21435,552,0.0028,0.6864,0.705,0.7988,0.7862,0.6403,0.9686,0.9845
4f76b925-3eb3-41bd-b77a-44ac60edbfcd,5/7/2020 8:35:12 PM,OnHallOfFameBallot,26.76,Removed: AllStarAppearances,AllStarAppearances,Gam,100,21435,552,0.0028,0.6875,0.7048,0.7996,0.7953,0.6343,0.9682,0.9855
4f76b925-3eb3-41bd-b77a-44ac60edbfcd,5/7/2020 8:35:12 PM,OnHallOfFameBallot,27.06,Removed: MVPs,MVPs,Gam,100,21435,552,0.0028,0.6944,0.7122,0.8007,0.7958,0.6458,0.9691,0.9852
4f76b925-3eb3-41bd-b77a-44ac60edbfcd,5/7/2020 8:35:12 PM,OnHallOfFameBallot,27.33,Removed: TripleCrowns,TripleCrowns,Gam,100,21435,552,0.0028,0.6923,0.7102,0.8006,0.7948,0.6429,0.9689,0.9852
4f76b925-3eb3-41bd-b77a-44ac60edbfcd,5/7/2020 8:35:12 PM,OnHallOfFameBallot,26.93,Removed: GoldGloves,GoldGloves,Gam,100,21435,552,0.0028,0.6869,0.7054,0.7993,0.7874,0.64,0.9686,0.9846
4f76b925-3eb3-41bd-b77a-44ac60edbfcd,5/7/2020 8:35:12 PM,OnHallOfFameBallot,27.92,Removed: MajorLeaguePlayerOfTheYearAwards,MajorLeaguePlayerOfTheYearAwards,Gam,100,21435,552,0.0028,0.6923,0.7102,0.8005,0.7948,0.6429,0.9689,0.9852
4f76b925-3eb3-41bd-b77a-44ac60edbfcd,5/7/2020 8:35:12 PM,OnHallOfFameBallot,26.95,Removed: TB,TB,Gam,100,21435,552,0.0028,0.6899,0.7078,0.799,0.7929,0.6405,0.9687,0.9851
4f76b925-3eb3-41bd-b77a-44ac60edbfcd,5/7/2020 8:35:12 PM,OnHallOfFameBallot,27.13,Removed: TotalPlayerAwards,TotalPlayerAwards,Gam,100,21435,552,0.0028,0.6744,0.6927,0.7853,0.7823,0.623,0.9671,0.9846
4f76b925-3eb3-41bd-b77a-44ac60edbfcd,5/7/2020 8:35:12 PM,InductedToHallOfFame,37.89,Baseline,Baseline,Gam,100,29188,776,0.0038,0.8298,0.8295,0.9137,0.8549,0.8126,0.9978,0.9984
4f76b925-3eb3-41bd-b77a-44ac60edbfcd,5/7/2020 8:35:12 PM,InductedToHallOfFame,37,Removed: YearsPlayed,YearsPlayed,Gam,100,29188,776,0.0038,0.8216,0.8223,0.9197,0.8468,0.8032,0.9977,0.9983
4f76b925-3eb3-41bd-b77a-44ac60edbfcd,5/7/2020 8:35:12 PM,InductedToHallOfFame,36.85,Removed: AB,AB,Gam,100,29188,776,0.0038,0.8111,0.8111,0.917,0.8274,0.8031,0.9977,0.9981
4f76b925-3eb3-41bd-b77a-44ac60edbfcd,5/7/2020 8:35:12 PM,InductedToHallOfFame,36.86,Removed: R,R,Gam,100,29188,776,0.0038,0.808,0.8079,0.9069,0.8286,0.7957,0.9976,0.9981
4f76b925-3eb3-41bd-b77a-44ac60edbfcd,5/7/2020 8:35:12 PM,InductedToHallOfFame,36.65,Removed: H,H,Gam,100,29188,776,0.0038,0.8207,0.8217,0.9161,0.8427,0.8048,0.9977,0.9983
4f76b925-3eb3-41bd-b77a-44ac60edbfcd,5/7/2020 8:35:12 PM,InductedToHallOfFame,36.9,Removed: Doubles,Doubles,Gam,100,29188,776,0.0038,0.826,0.8252,0.9181,0.8388,0.8222,0.9979,0.9983
4f76b925-3eb3-41bd-b77a-44ac60edbfcd,5/7/2020 8:35:12 PM,InductedToHallOfFame,36.73,Removed: Triples,Triples,Gam,100,29188,776,0.0038,0.8231,0.8228,0.9091,0.8511,0.8031,0.9977,0.9985
4f76b925-3eb3-41bd-b77a-44ac60edbfcd,5/7/2020 8:35:12 PM,InductedToHallOfFame,36.68,Removed: HR,HR,Gam,100,29188,776,0.0038,0.7934,0.7937,0.9138,0.8229,0.7722,0.9974,0.9981
4f76b925-3eb3-41bd-b77a-44ac60edbfcd,5/7/2020 8:35:12 PM,InductedToHallOfFame,36.78,Removed: RBI,RBI,Gam,100,29188,776,0.0038,0.8149,0.8151,0.9175,0.8422,0.7953,0.9975,0.9983
4f76b925-3eb3-41bd-b77a-44ac60edbfcd,5/7/2020 8:35:12 PM,InductedToHallOfFame,36.84,Removed: SB,SB,Gam,100,29188,776,0.0038,0.8298,0.8295,0.9108,0.8549,0.8126,0.9978,0.9984
4f76b925-3eb3-41bd-b77a-44ac60edbfcd,5/7/2020 8:35:12 PM,InductedToHallOfFame,36.78,Removed: BattingAverage,BattingAverage,Gam,100,29188,776,0.0038,0.8352,0.8346,0.9168,0.8566,0.8222,0.9979,0.9984
4f76b925-3eb3-41bd-b77a-44ac60edbfcd,5/7/2020 8:35:12 PM,InductedToHallOfFame,36.95,Removed: SluggingPct,SluggingPct,Gam,100,29188,776,0.0038,0.8292,0.8295,0.9118,0.8527,0.8126,0.9978,0.9984
4f76b925-3eb3-41bd-b77a-44ac60edbfcd,5/7/2020 8:35:12 PM,InductedToHallOfFame,36.29,Removed: AllStarAppearances,AllStarAppearances,Gam,100,29188,776,0.0038,0.8379,0.8385,0.9013,0.8576,0.8243,0.9979,0.9984
4f76b925-3eb3-41bd-b77a-44ac60edbfcd,5/7/2020 8:35:12 PM,InductedToHallOfFame,36.63,Removed: MVPs,MVPs,Gam,100,29188,776,0.0038,0.8123,0.8123,0.9095,0.8227,0.8099,0.9979,0.998
4f76b925-3eb3-41bd-b77a-44ac60edbfcd,5/7/2020 8:35:12 PM,InductedToHallOfFame,37.27,Removed: TripleCrowns,TripleCrowns,Gam,100,29188,776,0.0038,0.8243,0.8243,0.9138,0.8531,0.8031,0.9977,0.9984
4f76b925-3eb3-41bd-b77a-44ac60edbfcd,5/7/2020 8:35:12 PM,InductedToHallOfFame,36.6,Removed: GoldGloves,GoldGloves,Gam,100,29188,776,0.0038,0.8349,0.8346,0.9086,0.845,0.8326,0.998,0.9983
4f76b925-3eb3-41bd-b77a-44ac60edbfcd,5/7/2020 8:35:12 PM,InductedToHallOfFame,37.86,Removed: MajorLeaguePlayerOfTheYearAwards,MajorLeaguePlayerOfTheYearAwards,Gam,100,29188,776,0.0038,0.8298,0.8295,0.9137,0.8549,0.8126,0.9978,0.9984
4f76b925-3eb3-41bd-b77a-44ac60edbfcd,5/7/2020 8:35:12 PM,InductedToHallOfFame,36.6,Removed: TB,TB,Gam,100,29188,776,0.0038,0.8263,0.8259,0.9147,0.8486,0.8126,0.9978,0.9983
4f76b925-3eb3-41bd-b77a-44ac60edbfcd,5/7/2020 8:35:12 PM,InductedToHallOfFame,36.97,Removed: TotalPlayerAwards,TotalPlayerAwards,Gam,100,29188,776,0.0038,0.7617,0.7625,0.8744,0.7885,0.7433,0.9972,0.9978
4f76b925-3eb3-41bd-b77a-44ac60edbfcd,5/7/2020 8:35:12 PM,InductedToHallOfFame,21.4,Baseline,Baseline,Gam,100,16771,418,0.0022,0.8204,0.8202,0.9128,0.8562,0.7921,0.9977,0.9986
4f76b925-3eb3-41bd-b77a-44ac60edbfcd,5/7/2020 8:35:12 PM,InductedToHallOfFame,21.13,Removed: YearsPlayed,YearsPlayed,Gam,100,16771,418,0.0022,0.8351,0.8349,0.9163,0.8842,0.7934,0.9977,0.9988
4f76b925-3eb3-41bd-b77a-44ac60edbfcd,5/7/2020 8:35:12 PM,InductedToHallOfFame,20.98,Removed: AB,AB,Gam,100,16771,418,0.0022,0.8204,0.8202,0.9133,0.8562,0.7921,0.9977,0.9986
4f76b925-3eb3-41bd-b77a-44ac60edbfcd,5/7/2020 8:35:12 PM,InductedToHallOfFame,20.97,Removed: R,R,Gam,100,16771,418,0.0022,0.8105,0.8098,0.9121,0.8552,0.7747,0.9974,0.9986
4f76b925-3eb3-41bd-b77a-44ac60edbfcd,5/7/2020 8:35:12 PM,InductedToHallOfFame,20.99,Removed: H,H,Gam,100,16771,418,0.0022,0.8244,0.8241,0.9123,0.8741,0.7826,0.9976,0.9987
4f76b925-3eb3-41bd-b77a-44ac60edbfcd,5/7/2020 8:35:12 PM,InductedToHallOfFame,21.01,Removed: Doubles,Doubles,Gam,100,16771,418,0.0022,0.8204,0.8202,0.9155,0.8562,0.7921,0.9977,0.9986
4f76b925-3eb3-41bd-b77a-44ac60edbfcd,5/7/2020 8:35:12 PM,InductedToHallOfFame,21.14,Removed: Triples,Triples,Gam,100,16771,418,0.0022,0.8093,0.8096,0.9131,0.8517,0.7739,0.9974,0.9986
4f76b925-3eb3-41bd-b77a-44ac60edbfcd,5/7/2020 8:35:12 PM,InductedToHallOfFame,20.91,Removed: HR,HR,Gam,100,16771,418,0.0022,0.8029,0.8029,0.9095,0.8489,0.7655,0.9973,0.9984
4f76b925-3eb3-41bd-b77a-44ac60edbfcd,5/7/2020 8:35:12 PM,InductedToHallOfFame,20.99,Removed: RBI,RBI,Gam,100,16771,418,0.0022,0.825,0.8243,0.9181,0.8752,0.7834,0.9976,0.9987
4f76b925-3eb3-41bd-b77a-44ac60edbfcd,5/7/2020 8:35:12 PM,InductedToHallOfFame,21.08,Removed: SB,SB,Gam,100,16771,418,0.0022,0.7944,0.7933,0.9118,0.8438,0.7555,0.9972,0.9985
4f76b925-3eb3-41bd-b77a-44ac60edbfcd,5/7/2020 8:35:12 PM,InductedToHallOfFame,20.93,Removed: BattingAverage,BattingAverage,Gam,100,16771,418,0.0022,0.8257,0.8253,0.9086,0.8577,0.8016,0.9978,0.9986
4f76b925-3eb3-41bd-b77a-44ac60edbfcd,5/7/2020 8:35:12 PM,InductedToHallOfFame,20.89,Removed: SluggingPct,SluggingPct,Gam,100,16771,418,0.0022,0.8219,0.8225,0.9119,0.8479,0.8021,0.9978,0.9985
4f76b925-3eb3-41bd-b77a-44ac60edbfcd,5/7/2020 8:35:12 PM,InductedToHallOfFame,20.69,Removed: AllStarAppearances,AllStarAppearances,Gam,100,16771,418,0.0022,0.8358,0.8365,0.9015,0.8711,0.8065,0.9977,0.9986
4f76b925-3eb3-41bd-b77a-44ac60edbfcd,5/7/2020 8:35:12 PM,InductedToHallOfFame,20.94,Removed: MVPs,MVPs,Gam,100,16771,418,0.0022,0.8214,0.8203,0.91,0.8727,0.7794,0.9977,0.9987
4f76b925-3eb3-41bd-b77a-44ac60edbfcd,5/7/2020 8:35:12 PM,InductedToHallOfFame,21.09,Removed: TripleCrowns,TripleCrowns,Gam,100,16771,418,0.0022,0.8204,0.8202,0.9128,0.8562,0.7921,0.9977,0.9986
4f76b925-3eb3-41bd-b77a-44ac60edbfcd,5/7/2020 8:35:12 PM,InductedToHallOfFame,20.55,Removed: GoldGloves,GoldGloves,Gam,100,16771,418,0.0022,0.8204,0.8202,0.9099,0.8562,0.7921,0.9977,0.9986
4f76b925-3eb3-41bd-b77a-44ac60edbfcd,5/7/2020 8:35:12 PM,InductedToHallOfFame,21.48,Removed: MajorLeaguePlayerOfTheYearAwards,MajorLeaguePlayerOfTheYearAwards,Gam,100,16771,418,0.0022,0.8204,0.8202,0.9128,0.8562,0.7921,0.9977,0.9986
4f76b925-3eb3-41bd-b77a-44ac60edbfcd,5/7/2020 8:35:12 PM,InductedToHallOfFame,20.82,Removed: TB,TB,Gam,100,16771,418,0.0022,0.8352,0.8344,0.9129,0.8771,0.8016,0.9978,0.9987
4f76b925-3eb3-41bd-b77a-44ac60edbfcd,5/7/2020 8:35:12 PM,InductedToHallOfFame,20.67,Removed: TotalPlayerAwards,TotalPlayerAwards,Gam,100,16771,418,0.0022,0.7741,0.7704,0.8727,0.8573,0.7071,0.9967,0.9986
4f76b925-3eb3-41bd-b77a-44ac60edbfcd,5/7/2020 8:35:12 PM,InductedToHallOfFame,5.37,Baseline,Baseline,Gam,100,4354,60,0.0005,0.7706,0.7619,0.8796,0.9092,0.6585,0.996,0.9992
4f76b925-3eb3-41bd-b77a-44ac60edbfcd,5/7/2020 8:35:12 PM,InductedToHallOfFame,5.29,Removed: YearsPlayed,YearsPlayed,Gam,100,4354,60,0.0005,0.7696,0.7596,0.8803,0.9197,0.6485,0.9958,0.9993
4f76b925-3eb3-41bd-b77a-44ac60edbfcd,5/7/2020 8:35:12 PM,InductedToHallOfFame,5.3,Removed: AB,AB,Gam,100,4354,60,0.0005,0.7713,0.7627,0.8912,0.9102,0.6585,0.996,0.9992
4f76b925-3eb3-41bd-b77a-44ac60edbfcd,5/7/2020 8:35:12 PM,InductedToHallOfFame,5.27,Removed: R,R,Gam,100,4354,60,0.0005,0.7758,0.766,0.8696,0.9216,0.6585,0.996,0.9993
4f76b925-3eb3-41bd-b77a-44ac60edbfcd,5/7/2020 8:35:12 PM,InductedToHallOfFame,5.27,Removed: H,H,Gam,100,4354,60,0.0005,0.7703,0.7612,0.8807,0.9102,0.6577,0.9959,0.9992
4f76b925-3eb3-41bd-b77a-44ac60edbfcd,5/7/2020 8:35:12 PM,InductedToHallOfFame,5.27,Removed: Doubles,Doubles,Gam,100,4354,60,0.0005,0.7696,0.7603,0.8796,0.9082,0.6589,0.996,0.9992
4f76b925-3eb3-41bd-b77a-44ac60edbfcd,5/7/2020 8:35:12 PM,InductedToHallOfFame,5.25,Removed: Triples,Triples,Gam,100,4354,60,0.0005,0.7799,0.7751,0.8773,0.8939,0.6847,0.9963,0.999
4f76b925-3eb3-41bd-b77a-44ac60edbfcd,5/7/2020 8:35:12 PM,InductedToHallOfFame,5.3,Removed: HR,HR,Gam,100,4354,60,0.0005,0.7587,0.7486,0.8734,0.9071,0.6398,0.9957,0.9992
4f76b925-3eb3-41bd-b77a-44ac60edbfcd,5/7/2020 8:35:12 PM,InductedToHallOfFame,5.3,Removed: RBI,RBI,Gam,100,4354,60,0.0005,0.7637,0.7538,0.8778,0.9109,0.6458,0.996,0.9992
4f76b925-3eb3-41bd-b77a-44ac60edbfcd,5/7/2020 8:35:12 PM,InductedToHallOfFame,5.3,Removed: SB,SB,Gam,100,4354,60,0.0005,0.7767,0.7689,0.8768,0.9111,0.6668,0.9961,0.9992
4f76b925-3eb3-41bd-b77a-44ac60edbfcd,5/7/2020 8:35:12 PM,InductedToHallOfFame,5.3,Removed: BattingAverage,BattingAverage,Gam,100,4354,60,0.0005,0.772,0.765,0.8766,0.9003,0.6668,0.9961,0.9991
4f76b925-3eb3-41bd-b77a-44ac60edbfcd,5/7/2020 8:35:12 PM,InductedToHallOfFame,5.27,Removed: SluggingPct,SluggingPct,Gam,100,4354,60,0.0005,0.7677,0.7613,0.8778,0.8907,0.6668,0.9961,0.999
4f76b925-3eb3-41bd-b77a-44ac60edbfcd,5/7/2020 8:35:12 PM,InductedToHallOfFame,5.19,Removed: AllStarAppearances,AllStarAppearances,Gam,100,4354,60,0.0005,0.7415,0.735,0.8606,0.8675,0.6391,0.9957,0.9987
4f76b925-3eb3-41bd-b77a-44ac60edbfcd,5/7/2020 8:35:12 PM,InductedToHallOfFame,5.25,Removed: MVPs,MVPs,Gam,100,4354,60,0.0005,0.7322,0.723,0.8691,0.8716,0.622,0.9958,0.9987
4f76b925-3eb3-41bd-b77a-44ac60edbfcd,5/7/2020 8:35:12 PM,InductedToHallOfFame,5.33,Removed: TripleCrowns,TripleCrowns,Gam,100,4354,60,0.0005,0.7658,0.758,0.879,0.8984,0.6585,0.996,0.9991
4f76b925-3eb3-41bd-b77a-44ac60edbfcd,5/7/2020 8:35:12 PM,InductedToHallOfFame,5.24,Removed: GoldGloves,GoldGloves,Gam,100,4354,60,0.0005,0.7755,0.7656,0.8833,0.9224,0.6573,0.9959,0.9993
4f76b925-3eb3-41bd-b77a-44ac60edbfcd,5/7/2020 8:35:12 PM,InductedToHallOfFame,5.53,Removed: MajorLeaguePlayerOfTheYearAwards,MajorLeaguePlayerOfTheYearAwards,Gam,100,4354,60,0.0005,0.7706,0.7619,0.8796,0.9092,0.6585,0.996,0.9992
4f76b925-3eb3-41bd-b77a-44ac60edbfcd,5/7/2020 8:35:12 PM,InductedToHallOfFame,5.26,Removed: TB,TB,Gam,100,4354,60,0.0005,0.7694,0.7586,0.8874,0.9194,0.6502,0.9958,0.9993
4f76b925-3eb3-41bd-b77a-44ac60edbfcd,5/7/2020 8:35:12 PM,InductedToHallOfFame,5.22,Removed: TotalPlayerAwards,TotalPlayerAwards,Gam,100,4354,60,0.0005,0.7342,0.7222,0.8566,0.8903,0.6127,0.9957,0.999
4f76b925-3eb3-41bd-b77a-44ac60edbfcd,5/7/2020 8:35:12 PM,InductedToHallOfFame,22.71,Baseline,Baseline,Gam,100,17937,452,0.0023,0.8243,0.8242,0.9119,0.8638,0.7921,0.9977,0.9987
4f76b925-3eb3-41bd-b77a-44ac60edbfcd,5/7/2020 8:35:12 PM,InductedToHallOfFame,22.34,Removed: YearsPlayed,YearsPlayed,Gam,100,17937,452,0.0023,0.8195,0.8179,0.9177,0.895,0.7548,0.9972,0.9988
4f76b925-3eb3-41bd-b77a-44ac60edbfcd,5/7/2020 8:35:12 PM,InductedToHallOfFame,22.34,Removed: AB,AB,Gam,100,17937,452,0.0023,0.8204,0.8202,0.9119,0.8562,0.7921,0.9977,0.9986
4f76b925-3eb3-41bd-b77a-44ac60edbfcd,5/7/2020 8:35:12 PM,InductedToHallOfFame,22.25,Removed: R,R,Gam,100,17937,452,0.0023,0.8052,0.8051,0.9105,0.8534,0.7652,0.9973,0.9986
4f76b925-3eb3-41bd-b77a-44ac60edbfcd,5/7/2020 8:35:12 PM,InductedToHallOfFame,22.24,Removed: H,H,Gam,100,17937,452,0.0023,0.8297,0.8285,0.9136,0.8852,0.7834,0.9976,0.9988
4f76b925-3eb3-41bd-b77a-44ac60edbfcd,5/7/2020 8:35:12 PM,InductedToHallOfFame,22.2,Removed: Doubles,Doubles,Gam,100,17937,452,0.0023,0.8257,0.8253,0.9142,0.8577,0.8016,0.9978,0.9986
4f76b925-3eb3-41bd-b77a-44ac60edbfcd,5/7/2020 8:35:12 PM,InductedToHallOfFame,22.33,Removed: Triples,Triples,Gam,100,17937,452,0.0023,0.8194,0.8191,0.91,0.8642,0.7826,0.9976,0.9987
4f76b925-3eb3-41bd-b77a-44ac60edbfcd,5/7/2020 8:35:12 PM,InductedToHallOfFame,22.16,Removed: HR,HR,Gam,100,17937,452,0.0023,0.7908,0.7904,0.9077,0.8453,0.746,0.9971,0.9984
4f76b925-3eb3-41bd-b77a-44ac60edbfcd,5/7/2020 8:35:12 PM,InductedToHallOfFame,22.22,Removed: RBI,RBI,Gam,100,17937,452,0.0023,0.8294,0.8295,0.9165,0.8739,0.7917,0.9977,0.9987
4f76b925-3eb3-41bd-b77a-44ac60edbfcd,5/7/2020 8:35:12 PM,InductedToHallOfFame,22.28,Removed: SB,SB,Gam,100,17937,452,0.0023,0.8123,0.8107,0.9108,0.87,0.7651,0.9973,0.9988
4f76b925-3eb3-41bd-b77a-44ac60edbfcd,5/7/2020 8:35:12 PM,InductedToHallOfFame,22.11,Removed: BattingAverage,BattingAverage,Gam,100,17937,452,0.0023,0.8243,0.8242,0.9079,0.8638,0.7921,0.9977,0.9987
4f76b925-3eb3-41bd-b77a-44ac60edbfcd,5/7/2020 8:35:12 PM,InductedToHallOfFame,22.27,Removed: SluggingPct,SluggingPct,Gam,100,17937,452,0.0023,0.8204,0.8202,0.9104,0.8562,0.7921,0.9977,0.9986
4f76b925-3eb3-41bd-b77a-44ac60edbfcd,5/7/2020 8:35:12 PM,InductedToHallOfFame,21.98,Removed: AllStarAppearances,AllStarAppearances,Gam,100,17937,452,0.0023,0.8428,0.8429,0.9037,0.8857,0.8065,0.9977,0.9988
4f76b925-3eb3-41bd-b77a-44ac60edbfcd,5/7/2020 8:35:12 PM,InductedToHallOfFame,22.06,Removed: MVPs,MVPs,Gam,100,17937,452,0.0023,0.8394,0.8392,0.9145,0.8842,0.8016,0.9978,0.9988
4f76b925-3eb3-41bd-b77a-44ac60edbfcd,5/7/2020 8:35:12 PM,InductedToHallOfFame,22.41,Removed: TripleCrowns,TripleCrowns,Gam,100,17937,452,0.0023,0.8243,0.8242,0.9137,0.8638,0.7921,0.9977,0.9987
4f76b925-3eb3-41bd-b77a-44ac60edbfcd,5/7/2020 8:35:12 PM,InductedToHallOfFame,22.07,Removed: GoldGloves,GoldGloves,Gam,100,17937,452,0.0023,0.8243,0.8242,0.9111,0.8638,0.7921,0.9977,0.9987
4f76b925-3eb3-41bd-b77a-44ac60edbfcd,5/7/2020 8:35:12 PM,InductedToHallOfFame,22.76,Removed: MajorLeaguePlayerOfTheYearAwards,MajorLeaguePlayerOfTheYearAwards,Gam,100,17937,452,0.0023,0.8243,0.8242,0.9119,0.8638,0.7921,0.9977,0.9987
4f76b925-3eb3-41bd-b77a-44ac60edbfcd,5/7/2020 8:35:12 PM,InductedToHallOfFame,22.16,Removed: TB,TB,Gam,100,17937,452,0.0023,0.8257,0.8253,0.9154,0.8577,0.8016,0.9978,0.9986
4f76b925-3eb3-41bd-b77a-44ac60edbfcd,5/7/2020 8:35:12 PM,InductedToHallOfFame,22.12,Removed: TotalPlayerAwards,TotalPlayerAwards,Gam,100,17937,452,0.0023,0.7652,0.7624,0.867,0.8382,0.7071,0.9967,0.9984
4f76b925-3eb3-41bd-b77a-44ac60edbfcd,5/7/2020 8:35:12 PM,InductedToHallOfFame,6.82,Baseline,Baseline,Gam,100,5520,93,0.0007,0.7765,0.7696,0.8805,0.8979,0.6777,0.9964,0.999
4f76b925-3eb3-41bd-b77a-44ac60edbfcd,5/7/2020 8:35:12 PM,InductedToHallOfFame,6.66,Removed: YearsPlayed,YearsPlayed,Gam,100,5520,93,0.0007,0.808,0.8044,0.8806,0.9014,0.7298,0.9969,0.999
4f76b925-3eb3-41bd-b77a-44ac60edbfcd,5/7/2020 8:35:12 PM,InductedToHallOfFame,6.67,Removed: AB,AB,Gam,100,5520,93,0.0007,0.777,0.7713,0.8884,0.8938,0.6809,0.9963,0.999
4f76b925-3eb3-41bd-b77a-44ac60edbfcd,5/7/2020 8:35:12 PM,InductedToHallOfFame,6.66,Removed: R,R,Gam,100,5520,93,0.0007,0.7724,0.768,0.8737,0.871,0.6916,0.9964,0.9988
4f76b925-3eb3-41bd-b77a-44ac60edbfcd,5/7/2020 8:35:12 PM,InductedToHallOfFame,6.66,Removed: H,H,Gam,100,5520,93,0.0007,0.7875,0.781,0.8802,0.9007,0.6959,0.9966,0.999
4f76b925-3eb3-41bd-b77a-44ac60edbfcd,5/7/2020 8:35:12 PM,InductedToHallOfFame,6.66,Removed: Doubles,Doubles,Gam,100,5520,93,0.0007,0.8021,0.7982,0.8874,0.9008,0.7195,0.9967,0.999
4f76b925-3eb3-41bd-b77a-44ac60edbfcd,5/7/2020 8:35:12 PM,InductedToHallOfFame,6.67,Removed: Triples,Triples,Gam,100,5520,93,0.0007,0.7765,0.7696,0.8796,0.8979,0.6777,0.9964,0.999
4f76b925-3eb3-41bd-b77a-44ac60edbfcd,5/7/2020 8:35:12 PM,InductedToHallOfFame,6.65,Removed: HR,HR,Gam,100,5520,93,0.0007,0.7722,0.7648,0.8749,0.8976,0.6707,0.9963,0.999
4f76b925-3eb3-41bd-b77a-44ac60edbfcd,5/7/2020 8:35:12 PM,InductedToHallOfFame,6.69,Removed: RBI,RBI,Gam,100,5520,93,0.0007,0.8013,0.7969,0.8793,0.9078,0.7116,0.9966,0.9991
4f76b925-3eb3-41bd-b77a-44ac60edbfcd,5/7/2020 8:35:12 PM,InductedToHallOfFame,6.68,Removed: SB,SB,Gam,100,5520,93,0.0007,0.7723,0.7658,0.8803,0.8892,0.6777,0.9964,0.9988
4f76b925-3eb3-41bd-b77a-44ac60edbfcd,5/7/2020 8:35:12 PM,InductedToHallOfFame,6.65,Removed: BattingAverage,BattingAverage,Gam,100,5520,93,0.0007,0.7831,0.7771,0.8789,0.899,0.6877,0.9965,0.999
4f76b925-3eb3-41bd-b77a-44ac60edbfcd,5/7/2020 8:35:12 PM,InductedToHallOfFame,6.67,Removed: SluggingPct,SluggingPct,Gam,100,5520,93,0.0007,0.7792,0.7743,0.8778,0.8868,0.6904,0.9964,0.9988
4f76b925-3eb3-41bd-b77a-44ac60edbfcd,5/7/2020 8:35:12 PM,InductedToHallOfFame,6.58,Removed: AllStarAppearances,AllStarAppearances,Gam,100,5520,93,0.0007,0.769,0.7631,0.8663,0.885,0.6742,0.9962,0.9988
4f76b925-3eb3-41bd-b77a-44ac60edbfcd,5/7/2020 8:35:12 PM,InductedToHallOfFame,6.61,Removed: MVPs,MVPs,Gam,100,5520,93,0.0007,0.7304,0.7169,0.8709,0.8834,0.6159,0.9959,0.9988
4f76b925-3eb3-41bd-b77a-44ac60edbfcd,5/7/2020 8:35:12 PM,InductedToHallOfFame,6.75,Removed: TripleCrowns,TripleCrowns,Gam,100,5520,93,0.0007,0.7727,0.7668,0.8813,0.8879,0.6782,0.9964,0.9988
4f76b925-3eb3-41bd-b77a-44ac60edbfcd,5/7/2020 8:35:12 PM,InductedToHallOfFame,6.62,Removed: GoldGloves,GoldGloves,Gam,100,5520,93,0.0007,0.7884,0.7824,0.8849,0.9058,0.6916,0.9964,0.9991
4f76b925-3eb3-41bd-b77a-44ac60edbfcd,5/7/2020 8:35:12 PM,InductedToHallOfFame,6.8,Removed: MajorLeaguePlayerOfTheYearAwards,MajorLeaguePlayerOfTheYearAwards,Gam,100,5520,93,0.0007,0.7765,0.7696,0.8805,0.8979,0.6777,0.9964,0.999
4f76b925-3eb3-41bd-b77a-44ac60edbfcd,5/7/2020 8:35:12 PM,InductedToHallOfFame,6.66,Removed: TB,TB,Gam,100,5520,93,0.0007,0.7802,0.7723,0.8877,0.9149,0.6699,0.9963,0.9992
4f76b925-3eb3-41bd-b77a-44ac60edbfcd,5/7/2020 8:35:12 PM,InductedToHallOfFame,6.62,Removed: TotalPlayerAwards,TotalPlayerAwards,Gam,100,5520,93,0.0007,0.7082,0.6938,0.8498,0.8594,0.5984,0.9957,0.9985
4f76b925-3eb3-41bd-b77a-44ac60edbfcd,5/7/2020 8:35:12 PM,InductedToHallOfFame,24.3,Baseline,Baseline,Gam,100,19103,485,0.0025,0.8053,0.8057,0.9131,0.8357,0.7821,0.9975,0.9984
4f76b925-3eb3-41bd-b77a-44ac60edbfcd,5/7/2020 8:35:12 PM,InductedToHallOfFame,23.76,Removed: YearsPlayed,YearsPlayed,Gam,100,19103,485,0.0025,0.8214,0.8203,0.9136,0.8885,0.7643,0.9973,0.9987
4f76b925-3eb3-41bd-b77a-44ac60edbfcd,5/7/2020 8:35:12 PM,InductedToHallOfFame,23.73,Removed: AB,AB,Gam,100,19103,485,0.0025,0.7998,0.8004,0.9137,0.8341,0.7726,0.9974,0.9984
4f76b925-3eb3-41bd-b77a-44ac60edbfcd,5/7/2020 8:35:12 PM,InductedToHallOfFame,23.67,Removed: R,R,Gam,100,19103,485,0.0025,0.8002,0.7994,0.9093,0.8455,0.7647,0.9973,0.9985
4f76b925-3eb3-41bd-b77a-44ac60edbfcd,5/7/2020 8:35:12 PM,InductedToHallOfFame,23.86,Removed: H,H,Gam,100,19103,485,0.0025,0.8259,0.8259,0.9148,0.8668,0.7921,0.9977,0.9986
4f76b925-3eb3-41bd-b77a-44ac60edbfcd,5/7/2020 8:35:12 PM,InductedToHallOfFame,23.66,Removed: Doubles,Doubles,Gam,100,19103,485,0.0025,0.8053,0.8057,0.9154,0.8357,0.7821,0.9975,0.9984
4f76b925-3eb3-41bd-b77a-44ac60edbfcd,5/7/2020 8:35:12 PM,InductedToHallOfFame,23.66,Removed: Triples,Triples,Gam,100,19103,485,0.0025,0.7987,0.7991,0.9101,0.8419,0.763,0.9973,0.9985
4f76b925-3eb3-41bd-b77a-44ac60edbfcd,5/7/2020 8:35:12 PM,InductedToHallOfFame,23.57,Removed: HR,HR,Gam,100,19103,485,0.0025,0.7875,0.7873,0.9127,0.8383,0.746,0.9971,0.9983
4f76b925-3eb3-41bd-b77a-44ac60edbfcd,5/7/2020 8:35:12 PM,InductedToHallOfFame,23.51,Removed: RBI,RBI,Gam,100,19103,485,0.0025,0.8309,0.8311,0.917,0.8673,0.8012,0.9978,0.9986
4f76b925-3eb3-41bd-b77a-44ac60edbfcd,5/7/2020 8:35:12 PM,InductedToHallOfFame,23.47,Removed: SB,SB,Gam,100,19103,485,0.0025,0.805,0.8048,0.9109,0.8452,0.7734,0.9974,0.9985
4f76b925-3eb3-41bd-b77a-44ac60edbfcd,5/7/2020 8:35:12 PM,InductedToHallOfFame,23.67,Removed: BattingAverage,BattingAverage,Gam,100,19103,485,0.0025,0.8196,0.82,0.9107,0.8535,0.7921,0.9977,0.9986
4f76b925-3eb3-41bd-b77a-44ac60edbfcd,5/7/2020 8:35:12 PM,InductedToHallOfFame,23.57,Removed: SluggingPct,SluggingPct,Gam,100,19103,485,0.0025,0.8196,0.8198,0.9096,0.8417,0.8048,0.9977,0.9984
4f76b925-3eb3-41bd-b77a-44ac60edbfcd,5/7/2020 8:35:12 PM,InductedToHallOfFame,23.46,Removed: AllStarAppearances,AllStarAppearances,Gam,100,19103,485,0.0025,0.8371,0.8369,0.901,0.8836,0.7981,0.9976,0.9988
4f76b925-3eb3-41bd-b77a-44ac60edbfcd,5/7/2020 8:35:12 PM,InductedToHallOfFame,23.65,Removed: MVPs,MVPs,Gam,100,19103,485,0.0025,0.8307,0.8309,0.9169,0.876,0.7921,0.9977,0.9987
4f76b925-3eb3-41bd-b77a-44ac60edbfcd,5/7/2020 8:35:12 PM,InductedToHallOfFame,23.93,Removed: TripleCrowns,TripleCrowns,Gam,100,19103,485,0.0025,0.8092,0.8097,0.9139,0.8432,0.7821,0.9975,0.9985
4f76b925-3eb3-41bd-b77a-44ac60edbfcd,5/7/2020 8:35:12 PM,InductedToHallOfFame,23.37,Removed: GoldGloves,GoldGloves,Gam,100,19103,485,0.0025,0.8081,0.8087,0.9145,0.831,0.7921,0.9977,0.9982
4f76b925-3eb3-41bd-b77a-44ac60edbfcd,5/7/2020 8:35:12 PM,InductedToHallOfFame,24,Removed: MajorLeaguePlayerOfTheYearAwards,MajorLeaguePlayerOfTheYearAwards,Gam,100,19103,485,0.0025,0.8053,0.8057,0.9131,0.8357,0.7821,0.9975,0.9984
4f76b925-3eb3-41bd-b77a-44ac60edbfcd,5/7/2020 8:35:12 PM,InductedToHallOfFame,23.39,Removed: TB,TB,Gam,100,19103,485,0.0025,0.8173,0.8172,0.9151,0.8407,0.8016,0.9978,0.9984
4f76b925-3eb3-41bd-b77a-44ac60edbfcd,5/7/2020 8:35:12 PM,InductedToHallOfFame,23.35,Removed: TotalPlayerAwards,TotalPlayerAwards,Gam,100,19103,485,0.0025,0.7704,0.7688,0.8713,0.8363,0.7171,0.9969,0.9984
4f76b925-3eb3-41bd-b77a-44ac60edbfcd,5/7/2020 8:35:12 PM,InductedToHallOfFame,8.15,Baseline,Baseline,Gam,100,6686,127,0.0008,0.7758,0.7701,0.8835,0.8837,0.6885,0.9965,0.9987
4f76b925-3eb3-41bd-b77a-44ac60edbfcd,5/7/2020 8:35:12 PM,InductedToHallOfFame,8.02,Removed: YearsPlayed,YearsPlayed,Gam,100,6686,127,0.0008,0.8018,0.7974,0.8843,0.9022,0.7186,0.9967,0.999
4f76b925-3eb3-41bd-b77a-44ac60edbfcd,5/7/2020 8:35:12 PM,InductedToHallOfFame,8,Removed: AB,AB,Gam,100,6686,127,0.0008,0.7853,0.7791,0.8892,0.8946,0.6972,0.9966,0.9988
4f76b925-3eb3-41bd-b77a-44ac60edbfcd,5/7/2020 8:35:12 PM,InductedToHallOfFame,8,Removed: R,R,Gam,100,6686,127,0.0008,0.7901,0.7859,0.8839,0.8861,0.7108,0.9966,0.999
4f76b925-3eb3-41bd-b77a-44ac60edbfcd,5/7/2020 8:35:12 PM,InductedToHallOfFame,8.01,Removed: H,H,Gam,100,6686,127,0.0008,0.7801,0.7736,0.8852,0.8935,0.6885,0.9965,0.9988
4f76b925-3eb3-41bd-b77a-44ac60edbfcd,5/7/2020 8:35:12 PM,InductedToHallOfFame,7.98,Removed: Doubles,Doubles,Gam,100,6686,127,0.0008,0.7949,0.7906,0.8875,0.8876,0.7195,0.9967,0.9987
4f76b925-3eb3-41bd-b77a-44ac60edbfcd,5/7/2020 8:35:12 PM,InductedToHallOfFame,8,Removed: Triples,Triples,Gam,100,6686,127,0.0008,0.7681,0.764,0.8798,0.8651,0.6885,0.9965,0.9987
4f76b925-3eb3-41bd-b77a-44ac60edbfcd,5/7/2020 8:35:12 PM,InductedToHallOfFame,8.02,Removed: HR,HR,Gam,100,6686,127,0.0008,0.769,0.7629,0.8826,0.8797,0.6802,0.9964,0.9987
4f76b925-3eb3-41bd-b77a-44ac60edbfcd,5/7/2020 8:35:12 PM,InductedToHallOfFame,8.03,Removed: RBI,RBI,Gam,100,6686,127,0.0008,0.7932,0.7886,0.8791,0.8935,0.7108,0.9966,0.9988
4f76b925-3eb3-41bd-b77a-44ac60edbfcd,5/7/2020 8:35:12 PM,InductedToHallOfFame,8.02,Removed: SB,SB,Gam,100,6686,127,0.0008,0.7689,0.7632,0.8816,0.8705,0.6885,0.9965,0.9985
4f76b925-3eb3-41bd-b77a-44ac60edbfcd,5/7/2020 8:35:12 PM,InductedToHallOfFame,8,Removed: BattingAverage,BattingAverage,Gam,100,6686,127,0.0008,0.7722,0.7665,0.8784,0.8768,0.6885,0.9965,0.9986
4f76b925-3eb3-41bd-b77a-44ac60edbfcd,5/7/2020 8:35:12 PM,InductedToHallOfFame,8.02,Removed: SluggingPct,SluggingPct,Gam,100,6686,127,0.0008,0.7854,0.7815,0.8815,0.8768,0.7108,0.9966,0.9986
4f76b925-3eb3-41bd-b77a-44ac60edbfcd,5/7/2020 8:35:12 PM,InductedToHallOfFame,7.9,Removed: AllStarAppearances,AllStarAppearances,Gam,100,6686,127,0.0008,0.7618,0.7572,0.8695,0.8682,0.6747,0.9962,0.9986
4f76b925-3eb3-41bd-b77a-44ac60edbfcd,5/7/2020 8:35:12 PM,InductedToHallOfFame,7.97,Removed: MVPs,MVPs,Gam,100,6686,127,0.0008,0.754,0.7506,0.8784,0.8456,0.679,0.9964,0.9985
4f76b925-3eb3-41bd-b77a-44ac60edbfcd,5/7/2020 8:35:12 PM,InductedToHallOfFame,8.1,Removed: TripleCrowns,TripleCrowns,Gam,100,6686,127,0.0008,0.7758,0.7701,0.8832,0.8837,0.6885,0.9965,0.9987
4f76b925-3eb3-41bd-b77a-44ac60edbfcd,5/7/2020 8:35:12 PM,InductedToHallOfFame,7.96,Removed: GoldGloves,GoldGloves,Gam,100,6686,127,0.0008,0.7808,0.7758,0.8888,0.8784,0.7024,0.9965,0.9986
4f76b925-3eb3-41bd-b77a-44ac60edbfcd,5/7/2020 8:35:12 PM,InductedToHallOfFame,8.22,Removed: MajorLeaguePlayerOfTheYearAwards,MajorLeaguePlayerOfTheYearAwards,Gam,100,6686,127,0.0008,0.7758,0.7701,0.8835,0.8837,0.6885,0.9965,0.9987
4f76b925-3eb3-41bd-b77a-44ac60edbfcd,5/7/2020 8:35:12 PM,InductedToHallOfFame,7.96,Removed: TB,TB,Gam,100,6686,127,0.0008,0.7801,0.7736,0.886,0.8935,0.6885,0.9965,0.9988
4f76b925-3eb3-41bd-b77a-44ac60edbfcd,5/7/2020 8:35:12 PM,InductedToHallOfFame,7.93,Removed: TotalPlayerAwards,TotalPlayerAwards,Gam,100,6686,127,0.0008,0.7519,0.7495,0.8527,0.8213,0.6976,0.9966,0.9981
4f76b925-3eb3-41bd-b77a-44ac60edbfcd,5/7/2020 8:35:12 PM,InductedToHallOfFame,25.5,Baseline,Baseline,Gam,100,20269,519,0.0026,0.8216,0.8206,0.9146,0.8525,0.7999,0.9978,0.9985
4f76b925-3eb3-41bd-b77a-44ac60edbfcd,5/7/2020 8:35:12 PM,InductedToHallOfFame,25.09,Removed: YearsPlayed,YearsPlayed,Gam,100,20269,519,0.0026,0.8494,0.8471,0.9178,0.9002,0.8096,0.9979,0.9987
4f76b925-3eb3-41bd-b77a-44ac60edbfcd,5/7/2020 8:35:12 PM,InductedToHallOfFame,24.97,Removed: AB,AB,Gam,100,20269,519,0.0026,0.8199,0.8194,0.9138,0.8577,0.7904,0.9977,0.9986
4f76b925-3eb3-41bd-b77a-44ac60edbfcd,5/7/2020 8:35:12 PM,InductedToHallOfFame,24.95,Removed: R,R,Gam,100,20269,519,0.0026,0.8149,0.8138,0.9107,0.8448,0.7953,0.9976,0.9984
4f76b925-3eb3-41bd-b77a-44ac60edbfcd,5/7/2020 8:35:12 PM,InductedToHallOfFame,25.06,Removed: H,H,Gam,100,20269,519,0.0026,0.8179,0.8175,0.9128,0.8525,0.7917,0.9977,0.9985
4f76b925-3eb3-41bd-b77a-44ac60edbfcd,5/7/2020 8:35:12 PM,InductedToHallOfFame,25.05,Removed: Doubles,Doubles,Gam,100,20269,519,0.0026,0.8144,0.8137,0.9172,0.8655,0.7722,0.9974,0.9986
4f76b925-3eb3-41bd-b77a-44ac60edbfcd,5/7/2020 8:35:12 PM,InductedToHallOfFame,25.02,Removed: Triples,Triples,Gam,100,20269,519,0.0026,0.8147,0.814,0.91,0.856,0.7821,0.9975,0.9986
4f76b925-3eb3-41bd-b77a-44ac60edbfcd,5/7/2020 8:35:12 PM,InductedToHallOfFame,25.01,Removed: HR,HR,Gam,100,20269,519,0.0026,0.7881,0.7879,0.9148,0.8313,0.7543,0.9972,0.9983
4f76b925-3eb3-41bd-b77a-44ac60edbfcd,5/7/2020 8:35:12 PM,InductedToHallOfFame,25.16,Removed: RBI,RBI,Gam,100,20269,519,0.0026,0.8253,0.824,0.9199,0.8689,0.7912,0.9977,0.9986
4f76b925-3eb3-41bd-b77a-44ac60edbfcd,5/7/2020 8:35:12 PM,InductedToHallOfFame,24.98,Removed: SB,SB,Gam,100,20269,519,0.0026,0.8266,0.8247,0.9142,0.8508,0.8135,0.9978,0.9984
4f76b925-3eb3-41bd-b77a-44ac60edbfcd,5/7/2020 8:35:12 PM,InductedToHallOfFame,25.06,Removed: BattingAverage,BattingAverage,Gam,100,20269,519,0.0026,0.8238,0.8225,0.9128,0.8656,0.7916,0.9977,0.9987
4f76b925-3eb3-41bd-b77a-44ac60edbfcd,5/7/2020 8:35:12 PM,InductedToHallOfFame,24.99,Removed: SluggingPct,SluggingPct,Gam,100,20269,519,0.0026,0.8242,0.8235,0.9132,0.8439,0.8135,0.9978,0.9984
4f76b925-3eb3-41bd-b77a-44ac60edbfcd,5/7/2020 8:35:12 PM,InductedToHallOfFame,24.68,Removed: AllStarAppearances,AllStarAppearances,Gam,100,20269,519,0.0026,0.8344,0.8345,0.9027,0.8781,0.7978,0.9976,0.9987
4f76b925-3eb3-41bd-b77a-44ac60edbfcd,5/7/2020 8:35:12 PM,InductedToHallOfFame,25,Removed: MVPs,MVPs,Gam,100,20269,519,0.0026,0.8394,0.839,0.9188,0.8713,0.8151,0.9978,0.9986
4f76b925-3eb3-41bd-b77a-44ac60edbfcd,5/7/2020 8:35:12 PM,InductedToHallOfFame,25.5,Removed: TripleCrowns,TripleCrowns,Gam,100,20269,519,0.0026,0.8216,0.8206,0.9149,0.8525,0.7999,0.9978,0.9985
4f76b925-3eb3-41bd-b77a-44ac60edbfcd,5/7/2020 8:35:12 PM,InductedToHallOfFame,24.87,Removed: GoldGloves,GoldGloves,Gam,100,20269,519,0.0026,0.8042,0.8044,0.908,0.8342,0.7822,0.9976,0.9983
4f76b925-3eb3-41bd-b77a-44ac60edbfcd,5/7/2020 8:35:12 PM,InductedToHallOfFame,25.43,Removed: MajorLeaguePlayerOfTheYearAwards,MajorLeaguePlayerOfTheYearAwards,Gam,100,20269,519,0.0026,0.8216,0.8206,0.9146,0.8525,0.7999,0.9978,0.9985
4f76b925-3eb3-41bd-b77a-44ac60edbfcd,5/7/2020 8:35:12 PM,InductedToHallOfFame,24.91,Removed: TB,TB,Gam,100,20269,519,0.0026,0.8171,0.8163,0.916,0.8433,0.7999,0.9978,0.9984
4f76b925-3eb3-41bd-b77a-44ac60edbfcd,5/7/2020 8:35:12 PM,InductedToHallOfFame,25,Removed: TotalPlayerAwards,TotalPlayerAwards,Gam,100,20269,519,0.0026,0.7669,0.7652,0.8746,0.8296,0.7171,0.9969,0.9982
4f76b925-3eb3-41bd-b77a-44ac60edbfcd,5/7/2020 8:35:12 PM,InductedToHallOfFame,9.67,Baseline,Baseline,Gam,100,7852,161,0.001,0.7898,0.7863,0.8847,0.8835,0.7121,0.9966,0.9987
4f76b925-3eb3-41bd-b77a-44ac60edbfcd,5/7/2020 8:35:12 PM,InductedToHallOfFame,9.46,Removed: YearsPlayed,YearsPlayed,Gam,100,7852,161,0.001,0.7821,0.7771,0.8855,0.8906,0.6925,0.9964,0.9988
4f76b925-3eb3-41bd-b77a-44ac60edbfcd,5/7/2020 8:35:12 PM,InductedToHallOfFame,9.56,Removed: AB,AB,Gam,100,7852,161,0.001,0.7889,0.7851,0.8909,0.8837,0.7108,0.9966,0.9987
4f76b925-3eb3-41bd-b77a-44ac60edbfcd,5/7/2020 8:35:12 PM,InductedToHallOfFame,9.46,Removed: R,R,Gam,100,7852,161,0.001,0.7721,0.769,0.8876,0.8575,0.7021,0.9965,0.9986
4f76b925-3eb3-41bd-b77a-44ac60edbfcd,5/7/2020 8:35:12 PM,InductedToHallOfFame,9.48,Removed: H,H,Gam,100,7852,161,0.001,0.7863,0.7828,0.8906,0.8766,0.7121,0.9966,0.9986
4f76b925-3eb3-41bd-b77a-44ac60edbfcd,5/7/2020 8:35:12 PM,InductedToHallOfFame,9.53,Removed: Doubles,Doubles,Gam,100,7852,161,0.001,0.7863,0.7828,0.8874,0.8766,0.7121,0.9966,0.9986
4f76b925-3eb3-41bd-b77a-44ac60edbfcd,5/7/2020 8:35:12 PM,InductedToHallOfFame,9.45,Removed: Triples,Triples,Gam,100,7852,161,0.001,0.7759,0.7727,0.8846,0.8652,0.7021,0.9965,0.9987
4f76b925-3eb3-41bd-b77a-44ac60edbfcd,5/7/2020 8:35:12 PM,InductedToHallOfFame,9.49,Removed: HR,HR,Gam,100,7852,161,0.001,0.7793,0.7753,0.881,0.8623,0.7133,0.9966,0.9986
4f76b925-3eb3-41bd-b77a-44ac60edbfcd,5/7/2020 8:35:12 PM,InductedToHallOfFame,9.5,Removed: RBI,RBI,Gam,100,7852,161,0.001,0.7892,0.7861,0.8815,0.8823,0.7112,0.9966,0.9987
4f76b925-3eb3-41bd-b77a-44ac60edbfcd,5/7/2020 8:35:12 PM,InductedToHallOfFame,9.46,Removed: SB,SB,Gam,100,7852,161,0.001,0.7721,0.769,0.8834,0.8575,0.7021,0.9965,0.9986
4f76b925-3eb3-41bd-b77a-44ac60edbfcd,5/7/2020 8:35:12 PM,InductedToHallOfFame,9.47,Removed: BattingAverage,BattingAverage,Gam,100,7852,161,0.001,0.7863,0.7828,0.8831,0.8766,0.7121,0.9966,0.9986
4f76b925-3eb3-41bd-b77a-44ac60edbfcd,5/7/2020 8:35:12 PM,InductedToHallOfFame,9.45,Removed: SluggingPct,SluggingPct,Gam,100,7852,161,0.001,0.7898,0.7863,0.8808,0.8835,0.7121,0.9966,0.9987
4f76b925-3eb3-41bd-b77a-44ac60edbfcd,5/7/2020 8:35:12 PM,InductedToHallOfFame,9.33,Removed: AllStarAppearances,AllStarAppearances,Gam,100,7852,161,0.001,0.7436,0.7367,0.8708,0.8646,0.6469,0.9958,0.9986
4f76b925-3eb3-41bd-b77a-44ac60edbfcd,5/7/2020 8:35:12 PM,InductedToHallOfFame,9.37,Removed: MVPs,MVPs,Gam,100,7852,161,0.001,0.7723,0.7699,0.8821,0.8566,0.7022,0.9965,0.9986
4f76b925-3eb3-41bd-b77a-44ac60edbfcd,5/7/2020 8:35:12 PM,InductedToHallOfFame,9.57,Removed: TripleCrowns,TripleCrowns,Gam,100,7852,161,0.001,0.7898,0.7863,0.8858,0.8835,0.7121,0.9966,0.9987
4f76b925-3eb3-41bd-b77a-44ac60edbfcd,5/7/2020 8:35:12 PM,InductedToHallOfFame,9.32,Removed: GoldGloves,GoldGloves,Gam,100,7852,161,0.001,0.7873,0.783,0.8864,0.8902,0.7021,0.9965,0.9988
4f76b925-3eb3-41bd-b77a-44ac60edbfcd,5/7/2020 8:35:12 PM,InductedToHallOfFame,9.68,Removed: MajorLeaguePlayerOfTheYearAwards,MajorLeaguePlayerOfTheYearAwards,Gam,100,7852,161,0.001,0.7898,0.7863,0.8847,0.8835,0.7121,0.9966,0.9987
4f76b925-3eb3-41bd-b77a-44ac60edbfcd,5/7/2020 8:35:12 PM,InductedToHallOfFame,9.45,Removed: TB,TB,Gam,100,7852,161,0.001,0.7863,0.7828,0.8859,0.8766,0.7121,0.9966,0.9986
4f76b925-3eb3-41bd-b77a-44ac60edbfcd,5/7/2020 8:35:12 PM,InductedToHallOfFame,9.37,Removed: TotalPlayerAwards,TotalPlayerAwards,Gam,100,7852,161,0.001,0.7443,0.741,0.8531,0.8351,0.6703,0.9963,0.9984
4f76b925-3eb3-41bd-b77a-44ac60edbfcd,5/7/2020 8:35:12 PM,InductedToHallOfFame,27.1,Baseline,Baseline,Gam,100,21435,552,0.0028,0.8346,0.8349,0.9141,0.8523,0.8235,0.9979,0.9985
4f76b925-3eb3-41bd-b77a-44ac60edbfcd,5/7/2020 8:35:12 PM,InductedToHallOfFame,26.55,Removed: YearsPlayed,YearsPlayed,Gam,100,21435,552,0.0028,0.8278,0.8269,0.9216,0.883,0.7818,0.9976,0.9986
4f76b925-3eb3-41bd-b77a-44ac60edbfcd,5/7/2020 8:35:12 PM,InductedToHallOfFame,26.63,Removed: AB,AB,Gam,100,21435,552,0.0028,0.8204,0.8203,0.9165,0.8484,0.7999,0.9978,0.9985
4f76b925-3eb3-41bd-b77a-44ac60edbfcd,5/7/2020 8:35:12 PM,InductedToHallOfFame,26.45,Removed: R,R,Gam,100,21435,552,0.0028,0.8189,0.8192,0.9104,0.8492,0.7957,0.9976,0.9985
4f76b925-3eb3-41bd-b77a-44ac60edbfcd,5/7/2020 8:35:12 PM,InductedToHallOfFame,26.47,Removed: H,H,Gam,100,21435,552,0.0028,0.8167,0.8167,0.9136,0.858,0.783,0.9976,0.9985
4f76b925-3eb3-41bd-b77a-44ac60edbfcd,5/7/2020 8:35:12 PM,InductedToHallOfFame,26.47,Removed: Doubles,Doubles,Gam,100,21435,552,0.0028,0.8239,0.8245,0.9217,0.8498,0.8044,0.9977,0.9985
4f76b925-3eb3-41bd-b77a-44ac60edbfcd,5/7/2020 8:35:12 PM,InductedToHallOfFame,26.54,Removed: Triples,Triples,Gam,100,21435,552,0.0028,0.7999,0.8006,0.909,0.8422,0.7643,0.9973,0.9985
4f76b925-3eb3-41bd-b77a-44ac60edbfcd,5/7/2020 8:35:12 PM,InductedToHallOfFame,26.49,Removed: HR,HR,Gam,100,21435,552,0.0028,0.7929,0.7936,0.9146,0.8279,0.7652,0.9973,0.9983
4f76b925-3eb3-41bd-b77a-44ac60edbfcd,5/7/2020 8:35:12 PM,InductedToHallOfFame,26.49,Removed: RBI,RBI,Gam,100,21435,552,0.0028,0.8259,0.8258,0.92,0.8667,0.7926,0.9977,0.9986
4f76b925-3eb3-41bd-b77a-44ac60edbfcd,5/7/2020 8:35:12 PM,InductedToHallOfFame,26.6,Removed: SB,SB,Gam,100,21435,552,0.0028,0.8179,0.8171,0.9132,0.8489,0.7961,0.9976,0.9985
4f76b925-3eb3-41bd-b77a-44ac60edbfcd,5/7/2020 8:35:12 PM,InductedToHallOfFame,26.58,Removed: BattingAverage,BattingAverage,Gam,100,21435,552,0.0028,0.8206,0.8204,0.9134,0.865,0.7842,0.9976,0.9986
4f76b925-3eb3-41bd-b77a-44ac60edbfcd,5/7/2020 8:35:12 PM,InductedToHallOfFame,26.49,Removed: SluggingPct,SluggingPct,Gam,100,21435,552,0.0028,0.8189,0.8192,0.9113,0.8492,0.7957,0.9976,0.9985
4f76b925-3eb3-41bd-b77a-44ac60edbfcd,5/7/2020 8:35:12 PM,InductedToHallOfFame,26.3,Removed: AllStarAppearances,AllStarAppearances,Gam,100,21435,552,0.0028,0.8184,0.8188,0.9053,0.8652,0.7787,0.9973,0.9986
4f76b925-3eb3-41bd-b77a-44ac60edbfcd,5/7/2020 8:35:12 PM,InductedToHallOfFame,26.53,Removed: MVPs,MVPs,Gam,100,21435,552,0.0028,0.8316,0.8319,0.9201,0.8682,0.8016,0.9978,0.9986
4f76b925-3eb3-41bd-b77a-44ac60edbfcd,5/7/2020 8:35:12 PM,InductedToHallOfFame,27,Removed: TripleCrowns,TripleCrowns,Gam,100,21435,552,0.0028,0.8346,0.8349,0.9147,0.8523,0.8235,0.9979,0.9985
4f76b925-3eb3-41bd-b77a-44ac60edbfcd,5/7/2020 8:35:12 PM,InductedToHallOfFame,26.4,Removed: GoldGloves,GoldGloves,Gam,100,21435,552,0.0028,0.8252,0.8257,0.9101,0.8512,0.8057,0.9977,0.9985
4f76b925-3eb3-41bd-b77a-44ac60edbfcd,5/7/2020 8:35:12 PM,InductedToHallOfFame,27.13,Removed: MajorLeaguePlayerOfTheYearAwards,MajorLeaguePlayerOfTheYearAwards,Gam,100,21435,552,0.0028,0.8346,0.8349,0.9141,0.8523,0.8235,0.9979,0.9985
4f76b925-3eb3-41bd-b77a-44ac60edbfcd,5/7/2020 8:35:12 PM,InductedToHallOfFame,26.52,Removed: TB,TB,Gam,100,21435,552,0.0028,0.8243,0.8245,0.9193,0.8505,0.8053,0.9977,0.9985
4f76b925-3eb3-41bd-b77a-44ac60edbfcd,5/7/2020 8:35:12 PM,InductedToHallOfFame,26.22,Removed: TotalPlayerAwards,TotalPlayerAwards,Gam,100,21435,552,0.0028,0.7729,0.7717,0.8745,0.8393,0.7181,0.9969,0.9984
